"الرابط","نوع المحتوى","كود الحالة","الحالة","قابلية الأرشفة","حالة الأرشفة","Hash","الطول","Canonical Link Element ١","الرابط المشفر"
"https://dnmeg.com/","text/html; charset=utf-8","200","OK","قابل للفهرسة","","4822de3df2ebd37dface2cb8bc22bda5","18","https://dnmeg.com/","https://dnmeg.com/"
"https://dnmeg.com/policies/refund-policy","","0","متحجوب بـ robots.txt","غير قابل للفهرسة","متمنع بـ robots.txt","","40","","https://dnmeg.com/policies/refund-policy"
"https://dnmeg.com/search","","0","متحجوب بـ robots.txt","غير قابل للفهرسة","متمنع بـ robots.txt","","24","","https://dnmeg.com/search"
"https://dnmeg.com/cdn/shop/t/7/assets/component-predictive-search.css?v=118923337488134913561732668148","text/css","200","OK","غير قابل للفهرسة","اتعمله Canonicalisation","","102","","https://dnmeg.com/cdn/shop/t/7/assets/component-predictive-search.css?v=118923337488134913561732668148"
"https://dnmeg.com/cdn/shop/files/star_back_pants.png?height=80&v=1732697331","image/png","200","OK","قابل للفهرسة","","","75","","https://dnmeg.com/cdn/shop/files/star_back_pants.png?height=80&v=1732697331"
"https://dnmeg.com/collections/accessories","text/html; charset=utf-8","200","OK","قابل للفهرسة","","d274dfc6b11acee64b6542dfd29b3888","41","https://dnmeg.com/collections/accessories","https://dnmeg.com/collections/accessories"
"https://dnmeg.com/policies/shipping-policy","","0","متحجوب بـ robots.txt","غير قابل للفهرسة","متمنع بـ robots.txt","","42","","https://dnmeg.com/policies/shipping-policy"
"https://dnmeg.com/cdn/shopifycloud/storefront/assets/storefront/load_feature-a0a9edcb.js","text/javascript","200","OK","غير قابل للفهرسة","اتعمله Canonicalisation","","88","","https://dnmeg.com/cdn/shopifycloud/storefront/assets/storefront/load_feature-a0a9edcb.js"
"https://dnmeg.com/collections/all","text/html; charset=utf-8","200","OK","قابل للفهرسة","","ea85cffddd613018bb2571b8c528d4f7","33","https://dnmeg.com/collections/all","https://dnmeg.com/collections/all"
"https://dnmeg.com/collections/winter","text/html; charset=utf-8","200","OK","قابل للفهرسة","","e948b1e3d52188a56d14fd76d642fad7","36","https://dnmeg.com/collections/winter","https://dnmeg.com/collections/winter"
"https://dnmeg.com/cdn/shop/files/speed_logo-ezgif.com-effects.gif?v=1732699176&width=600","image/gif","200","OK","قابل للفهرسة","","","88","","https://dnmeg.com/cdn/shop/files/speed_logo-ezgif.com-effects.gif?v=1732699176&width=600"
"https://dnmeg.com/cdn/shop/files/g.jpg?v=1715449408&width=3840","image/jpeg","200","OK","قابل للفهرسة","","","62","","https://dnmeg.com/cdn/shop/files/g.jpg?v=1715449408&width=3840"
"https://dnmeg.com/cdn/shop/t/7/assets/cart-notification.js?v=133508293167896966491732668147","text/javascript","200","OK","غير قابل للفهرسة","اتعمله Canonicalisation","","91","","https://dnmeg.com/cdn/shop/t/7/assets/cart-notification.js?v=133508293167896966491732668147"
"https://dnmeg.com/cdn/shop/files/21-front.png?v=1717348025&width=533","image/png","200","OK","قابل للفهرسة","","","68","","https://dnmeg.com/cdn/shop/files/21-front.png?v=1717348025&width=533"
"https://dnmeg.com/cdn/shop/files/21-back.png?v=1717348025&width=533","image/png","200","OK","قابل للفهرسة","","","67","","https://dnmeg.com/cdn/shop/files/21-back.png?v=1717348025&width=533"
"https://dnmeg.com/cdn/shop/t/7/assets/constants.js?v=132983761750457495441732668148","text/javascript","200","OK","غير قابل للفهرسة","اتعمله Canonicalisation","","83","","https://dnmeg.com/cdn/shop/t/7/assets/constants.js?v=132983761750457495441732668148"
"https://dnmeg.com/cdn/shop/t/7/assets/base.css?v=68066762582895910731732688713","text/css","200","OK","غير قابل للفهرسة","اتعمله Canonicalisation","","78","","https://dnmeg.com/cdn/shop/t/7/assets/base.css?v=68066762582895910731732688713"
"https://dnmeg.com/cdn/shop/t/7/assets/pubsub.js?v=158357773527763999511732668149","text/javascript","200","OK","غير قابل للفهرسة","اتعمله Canonicalisation","","80","","https://dnmeg.com/cdn/shop/t/7/assets/pubsub.js?v=158357773527763999511732668149"
"https://dnmeg.com/cdn/shop/t/7/assets/animations.js?v=88693664871331136111732668147","text/javascript","200","OK","غير قابل للفهرسة","اتعمله Canonicalisation","","83","","https://dnmeg.com/cdn/shop/t/7/assets/animations.js?v=88693664871331136111732668147"
"https://dnmeg.com/cdn/shop/t/7/assets/global.js?v=152862011079830610291732668148","text/javascript","200","OK","غير قابل للفهرسة","اتعمله Canonicalisation","","80","","https://dnmeg.com/cdn/shop/t/7/assets/global.js?v=152862011079830610291732668148"
"https://dnmeg.com/cdn/shop/files/purple-white-face.png?v=1717344916&width=533","image/png","200","OK","قابل للفهرسة","","","77","","https://dnmeg.com/cdn/shop/files/purple-white-face.png?v=1717344916&width=533"
"https://dnmeg.com/products/jeans-1-9","text/html; charset=utf-8","200","OK","قابل للفهرسة","","dcc52ed2abcd132fa481dda2b2b22244","36","https://dnmeg.com/products/jeans-1-9","https://dnmeg.com/products/jeans-1-9"
"https://dnmeg.com/checkouts/internal/preloads.js?locale=en-EG","","0","متحجوب بـ robots.txt","غير قابل للفهرسة","متمنع بـ robots.txt","","61","","https://dnmeg.com/checkouts/internal/preloads.js?locale=en-EG"
"https://dnmeg.com/cdn/shopifycloud/shop-js/modules/v2/loader.shop-login-button.en.esm.js","text/javascript","200","OK","غير قابل للفهرسة","اتعمله Canonicalisation","","88","","https://dnmeg.com/cdn/shopifycloud/shop-js/modules/v2/loader.shop-login-button.en.esm.js"
"https://dnmeg.com/cdn/shop/t/7/assets/component-cart-items.css?v=123238115697927560811732668148","text/css","200","OK","غير قابل للفهرسة","اتعمله Canonicalisation","","95","","https://dnmeg.com/cdn/shop/t/7/assets/component-cart-items.css?v=123238115697927560811732668148"
"https://dnmeg.com/collections/jeans","text/html; charset=utf-8","200","OK","قابل للفهرسة","","41708df8d9c3d12a272c7ce3818aa96","35","https://dnmeg.com/collections/jeans","https://dnmeg.com/collections/jeans"
"https://dnmeg.com/cdn/shop/t/7/assets/details-modal.js?v=25581673532751508451732668148","text/javascript","200","OK","غير قابل للفهرسة","اتعمله Canonicalisation","","86","","https://dnmeg.com/cdn/shop/t/7/assets/details-modal.js?v=25581673532751508451732668148"
"https://dnmeg.com/products/tee-v2","text/html; charset=utf-8","200","OK","قابل للفهرسة","","6a2969c2c2585dad78a46fc371ec05af","33","https://dnmeg.com/products/tee-v2","https://dnmeg.com/products/tee-v2"
"https://dnmeg.com/cdn/shop/t/7/assets/search-form.js?v=133129549252120666541732668149","text/javascript","200","OK","غير قابل للفهرسة","اتعمله Canonicalisation","","85","","https://dnmeg.com/cdn/shop/t/7/assets/search-form.js?v=133129549252120666541732668149"
"https://dnmeg.com/cdn/shop/files/tee-back-p.png?v=1717345743&width=533","image/png","200","OK","قابل للفهرسة","","","70","","https://dnmeg.com/cdn/shop/files/tee-back-p.png?v=1717345743&width=533"
"https://dnmeg.com/cdn/shop/files/Artboard1_13f8eb19-b5c8-465f-9e97-97274fbc9122.png?v=1715271669&width=533","image/png","200","OK","قابل للفهرسة","","","106","","https://dnmeg.com/cdn/shop/files/Artboard1_13f8eb19-b5c8-465f-9e97-97274fbc9122.png?v=1715271669&width=533"
"https://dnmeg.com/products/tee-v1","text/html; charset=utf-8","200","OK","قابل للفهرسة","","720c673721aba123ca4519979c319dc6","33","https://dnmeg.com/products/tee-v1","https://dnmeg.com/products/tee-v1"
"https://dnmeg.com/cart","","0","متحجوب بـ robots.txt","غير قابل للفهرسة","متمنع بـ robots.txt","","22","","https://dnmeg.com/cart"
"https://dnmeg.com/cdn/shopifycloud/perf-kit/shopify-perf-kit-3.3.0.min.js","text/javascript","200","OK","غير قابل للفهرسة","اتعمله Canonicalisation","","73","","https://dnmeg.com/cdn/shopifycloud/perf-kit/shopify-perf-kit-3.3.0.min.js"
"https://dnmeg.com/cdn/shopifycloud/shop-js/modules/v2/loader.init-shop-cart-sync.en.esm.js","text/javascript","200","OK","غير قابل للفهرسة","اتعمله Canonicalisation","","90","","https://dnmeg.com/cdn/shopifycloud/shop-js/modules/v2/loader.init-shop-cart-sync.en.esm.js"
"https://dnmeg.com/cdn/shop/t/7/assets/predictive-search.js?v=57209189334897115771732668149","text/javascript","200","OK","غير قابل للفهرسة","اتعمله Canonicalisation","","90","","https://dnmeg.com/cdn/shop/t/7/assets/predictive-search.js?v=57209189334897115771732668149"
"https://dnmeg.com/cdn/shop/files/speed_logo-ezgif.com-effects.gif?v=1732699176","image/gif","200","OK","قابل للفهرسة","","","78","","https://dnmeg.com/cdn/shop/files/speed_logo-ezgif.com-effects.gif?v=1732699176"
"https://dnmeg.com/policies/terms-of-service","","0","متحجوب بـ robots.txt","غير قابل للفهرسة","متمنع بـ robots.txt","","43","","https://dnmeg.com/policies/terms-of-service"
"https://dnmeg.com/cdn/shop/t/7/assets/details-disclosure.js?v=13653116266235556501732668148","text/javascript","200","OK","غير قابل للفهرسة","اتعمله Canonicalisation","","91","","https://dnmeg.com/cdn/shop/t/7/assets/details-disclosure.js?v=13653116266235556501732668148"
"https://dnmeg.com/pages/contact","text/html; charset=utf-8","200","OK","قابل للفهرسة","","9142e01589c7594baeaeedbec1ee32b4","31","https://dnmeg.com/pages/contact","https://dnmeg.com/pages/contact"
"https://dnmeg.com/cdn/shop/files/IMG-3688.png?v=1713780405&width=533","image/png","200","OK","قابل للفهرسة","","","68","","https://dnmeg.com/cdn/shop/files/IMG-3688.png?v=1713780405&width=533"
"https://dnmeg.com/cdn/shop/t/7/compiled_assets/scripts.js?v=130886758563038732011732681326","text/javascript","200","OK","غير قابل للفهرسة","اتعمله Canonicalisation","","90","","https://dnmeg.com/cdn/shop/t/7/compiled_assets/scripts.js?v=130886758563038732011732681326"
"https://dnmeg.com/cdn/shop/files/Artboard2.png?v=1715271670&width=533","image/png","200","OK","قابل للفهرسة","","","69","","https://dnmeg.com/cdn/shop/files/Artboard2.png?v=1715271670&width=533"
"https://dnmeg.com/products/beanie-1-1","text/html; charset=utf-8","200","OK","قابل للفهرسة","","2f1b60ffcc260d57a3be7c43e9e095b1","37","https://dnmeg.com/products/beanie-1-1","https://dnmeg.com/products/beanie-1-1"
"https://dnmeg.com/cdn/shop/files/pack.png?v=1733161659&width=533","image/png","200","OK","قابل للفهرسة","","","64","","https://dnmeg.com/cdn/shop/files/pack.png?v=1733161659&width=533"
"https://dnmeg.com/products/beanie-1-0","text/html; charset=utf-8","200","OK","قابل للفهرسة","","8a165cf9b8d0871bfa4afb9bb9e44a56","37","https://dnmeg.com/products/beanie-1-0","https://dnmeg.com/products/beanie-1-0"
"https://dnmeg.com/cdn/shopifycloud/portable-wallets/latest/portable-wallets.en.js","text/javascript","200","OK","غير قابل للفهرسة","اتعمله Canonicalisation","","81","","https://dnmeg.com/cdn/shopifycloud/portable-wallets/latest/portable-wallets.en.js"
"https://dnmeg.com/products/key","text/html; charset=utf-8","200","OK","قابل للفهرسة","","31ca2813209d3d33292e0f673b7f67ef","30","https://dnmeg.com/products/key","https://dnmeg.com/products/key"
"https://dnmeg.com/cdn/shop/files/BLACK_FRONT_3.png?v=1755197870&width=533","image/png","200","OK","قابل للفهرسة","","","73","","https://dnmeg.com/cdn/shop/files/BLACK_FRONT_3.png?v=1755197870&width=533"
"https://dnmeg.com/cdn/shop/files/Artboard1_13f8eb19-b5c8-465f-9e97-97274fbc9122.png?v=1715271669&width=1445","image/png","200","OK","قابل للفهرسة","","","107","","https://dnmeg.com/cdn/shop/files/Artboard1_13f8eb19-b5c8-465f-9e97-97274fbc9122.png?v=1715271669&width=1445"
"https://dnmeg.com/products/jersey-1-0","text/html; charset=utf-8","200","OK","قابل للفهرسة","","e8455ed813a6e25265a5bf092a0aaa9c","37","https://dnmeg.com/products/jersey-1-0","https://dnmeg.com/products/jersey-1-0"
"https://dnmeg.com/cdn/shop/files/black-front.png?v=1733077186&width=533","image/png","200","OK","قابل للفهرسة","","","71","","https://dnmeg.com/cdn/shop/files/black-front.png?v=1733077186&width=533"
"https://dnmeg.com/cdn/shop/files/21-front.png?v=1717348025&width=1946","image/png","200","OK","قابل للفهرسة","","","69","","https://dnmeg.com/cdn/shop/files/21-front.png?v=1717348025&width=1946"
"https://dnmeg.com/products/jersey-1-2","text/html; charset=utf-8","200","OK","قابل للفهرسة","","735c43ca13a47b47fbc8ac32a7369fc5","37","https://dnmeg.com/products/jersey-1-2","https://dnmeg.com/products/jersey-1-2"
"https://dnmeg.com/cdn/shop/files/blackk.png?v=1733163491&width=533","image/png","200","OK","قابل للفهرسة","","","66","","https://dnmeg.com/cdn/shop/files/blackk.png?v=1733163491&width=533"
"https://dnmeg.com/cdn/shop/files/front_jeansbb.png?v=1733074948&width=533","image/png","200","OK","قابل للفهرسة","","","73","","https://dnmeg.com/cdn/shop/files/front_jeansbb.png?v=1733074948&width=533"
"https://dnmeg.com/products/jersey-1-3","text/html; charset=utf-8","200","OK","قابل للفهرسة","","b44a30192d49ca33d0942ba42b1b092d","37","https://dnmeg.com/products/jersey-1-3","https://dnmeg.com/products/jersey-1-3"
"https://dnmeg.com/cdn/shop/files/21-back.png?v=1717348025&width=1946","image/png","200","OK","قابل للفهرسة","","","68","","https://dnmeg.com/cdn/shop/files/21-back.png?v=1717348025&width=1946"
"https://dnmeg.com/cdn/shop/files/BeanieMockup_17b37165-658a-4655-972c-ba73ebba5e77.png?v=1733161112&width=533","image/png","200","OK","قابل للفهرسة","","","109","","https://dnmeg.com/cdn/shop/files/BeanieMockup_17b37165-658a-4655-972c-ba73ebba5e77.png?v=1733161112&width=533"
"https://dnmeg.com/cdn/shop/files/Artboard2.png?v=1715271670&width=1445","image/png","200","OK","قابل للفهرسة","","","70","","https://dnmeg.com/cdn/shop/files/Artboard2.png?v=1715271670&width=1445"
"https://dnmeg.com/products/socks-1-0-pack-of-3","text/html; charset=utf-8","200","OK","قابل للفهرسة","","1bf02f2533617fada18b5256382b51f4","46","https://dnmeg.com/products/socks-1-0-pack-of-3","https://dnmeg.com/products/socks-1-0-pack-of-3"
"https://dnmeg.com/cdn/shop/files/FullSizeRender_670fbc21-d342-4fc1-8394-33d5e277b52b.jpg?v=1755179790&width=533","image/jpeg","200","OK","قابل للفهرسة","","","111","","https://dnmeg.com/cdn/shop/files/FullSizeRender_670fbc21-d342-4fc1-8394-33d5e277b52b.jpg?v=1755179790&width=533"
"https://dnmeg.com/cdn/shop/t/7/assets/pickup-availability.js?v=78418059211521962961732668149","text/javascript","200","OK","غير قابل للفهرسة","اتعمله Canonicalisation","","92","","https://dnmeg.com/cdn/shop/t/7/assets/pickup-availability.js?v=78418059211521962961732668149"
"https://dnmeg.com/cdn/shop/t/7/assets/product-form.js?v=82553749319723712671732668149","text/javascript","200","OK","غير قابل للفهرسة","اتعمله Canonicalisation","","85","","https://dnmeg.com/cdn/shop/t/7/assets/product-form.js?v=82553749319723712671732668149"
"https://dnmeg.com/products/perfect-baggy-jeans-in-grey","text/html; charset=utf-8","200","OK","قابل للفهرسة","","2408c4e5da616a543b4dc8e4e4c83103","54","https://dnmeg.com/products/perfect-baggy-jeans-in-grey","https://dnmeg.com/products/perfect-baggy-jeans-in-grey"
"https://dnmeg.com/cdn/shop/files/tee-back-p.png?v=1717345743&width=1946","image/png","200","OK","قابل للفهرسة","","","71","","https://dnmeg.com/cdn/shop/files/tee-back-p.png?v=1717345743&width=1946"
"https://dnmeg.com/cdn/shop/files/keychain.png?v=1733163431&width=533","image/png","200","OK","قابل للفهرسة","","","68","","https://dnmeg.com/cdn/shop/files/keychain.png?v=1733163431&width=533"
"https://dnmeg.com/cdn/shop/files/front_black_jeanss-l.png?v=1733075169&width=533","image/png","200","OK","قابل للفهرسة","","","80","","https://dnmeg.com/cdn/shop/files/front_black_jeanss-l.png?v=1733075169&width=533"
"https://dnmeg.com/products/zip-up-1-2","text/html; charset=utf-8","200","OK","قابل للفهرسة","","20d2b8c550061c4d748159efb358ec9f","37","https://dnmeg.com/products/zip-up-1-2","https://dnmeg.com/products/zip-up-1-2"
"https://dnmeg.com/products/zip-up-1-4","text/html; charset=utf-8","200","OK","قابل للفهرسة","","f50e0d1056f20e152a174fc411d9a503","37","https://dnmeg.com/products/zip-up-1-4","https://dnmeg.com/products/zip-up-1-4"
"https://dnmeg.com/products/perfect-baggy-jeans-in-blue","text/html; charset=utf-8","200","OK","قابل للفهرسة","","f3dd4e7348f0baad9b2f94328ba163a0","54","https://dnmeg.com/products/perfect-baggy-jeans-in-blue","https://dnmeg.com/products/perfect-baggy-jeans-in-blue"
"https://dnmeg.com/products/zip-up-1-3","text/html; charset=utf-8","200","OK","قابل للفهرسة","","9e1659a538ca776b2fe5331bc551a8d9","37","https://dnmeg.com/products/zip-up-1-3","https://dnmeg.com/products/zip-up-1-3"
"https://dnmeg.com/cdn/shop/files/ZIPUP-BLACK-_2.png?v=1733089003&width=533","image/png","200","OK","قابل للفهرسة","","","74","","https://dnmeg.com/cdn/shop/files/ZIPUP-BLACK-_2.png?v=1733089003&width=533"
"https://dnmeg.com/products/zip-up-1-0","text/html; charset=utf-8","200","OK","قابل للفهرسة","","512d73d9f6c49db363967b376401df16","37","https://dnmeg.com/products/zip-up-1-0","https://dnmeg.com/products/zip-up-1-0"
"https://dnmeg.com/cdn/shop/files/brown-front_ba1edbb2-9237-47ea-8968-a8b1d961ffda.png?v=1733088997&width=533","image/png","200","OK","قابل للفهرسة","","","108","","https://dnmeg.com/cdn/shop/files/brown-front_ba1edbb2-9237-47ea-8968-a8b1d961ffda.png?v=1733088997&width=533"
"https://dnmeg.com/cdn/shop/t/7/assets/facets.js?v=42798985796066624181732668148","text/javascript","200","OK","غير قابل للفهرسة","اتعمله Canonicalisation","","79","","https://dnmeg.com/cdn/shop/t/7/assets/facets.js?v=42798985796066624181732668148"
"https://dnmeg.com/cdn/shop/files/dnm-beanie.png?v=1703474614&width=533","image/png","200","OK","قابل للفهرسة","","","70","","https://dnmeg.com/cdn/shop/files/dnm-beanie.png?v=1703474614&width=533"
"https://dnmeg.com/cdn/shop/files/purple-white-face.png?v=1717344916&width=1445","image/png","200","OK","قابل للفهرسة","","","78","","https://dnmeg.com/cdn/shop/files/purple-white-face.png?v=1717344916&width=1445"
"https://dnmeg.com/products/zip-up-1-5","text/html; charset=utf-8","200","OK","قابل للفهرسة","","a15d0532f7401b127625bf188b15a477","37","https://dnmeg.com/products/zip-up-1-5","https://dnmeg.com/products/zip-up-1-5"
"https://dnmeg.com/cdn/shop/files/custom_resized_ef6a0e31-7c9f-48e7-b0a8-011b3c9c5ac1.png?v=1696831119&width=533","image/png","200","OK","قابل للفهرسة","","","111","","https://dnmeg.com/cdn/shop/files/custom_resized_ef6a0e31-7c9f-48e7-b0a8-011b3c9c5ac1.png?v=1696831119&width=533"
"https://dnmeg.com/cdn/shop/files/grey_ftont-s_949573b1-730b-4283-ab3b-9d3388775c28.png?v=1733075122&width=533","image/png","200","OK","قابل للفهرسة","","","109","","https://dnmeg.com/cdn/shop/files/grey_ftont-s_949573b1-730b-4283-ab3b-9d3388775c28.png?v=1733075122&width=533"
"https://dnmeg.com/cdn/shop/files/vintagefromt-web.png?v=1701342936&width=533","image/png","200","OK","قابل للفهرسة","","","76","","https://dnmeg.com/cdn/shop/files/vintagefromt-web.png?v=1701342936&width=533"
"https://dnmeg.com/cdn/shop/files/Artboard1_13f8eb19-b5c8-465f-9e97-97274fbc9122.png?v=1715271669&width=1946","image/png","200","OK","قابل للفهرسة","","","107","","https://dnmeg.com/cdn/shop/files/Artboard1_13f8eb19-b5c8-465f-9e97-97274fbc9122.png?v=1715271669&width=1946"
"https://dnmeg.com/products/socks-1-1-pack-of-3","text/html; charset=utf-8","200","OK","قابل للفهرسة","","d1177fa4bc71bc1a9adb015c0aa6e915","46","https://dnmeg.com/products/socks-1-1-pack-of-3","https://dnmeg.com/products/socks-1-1-pack-of-3"
"https://dnmeg.com/cdn/shop/files/FullSizeRender.jpg?v=1755178948&width=533","image/jpeg","200","OK","قابل للفهرسة","","","74","","https://dnmeg.com/cdn/shop/files/FullSizeRender.jpg?v=1755178948&width=533"
"https://dnmeg.com/products/jeans-1-2","text/html; charset=utf-8","200","OK","قابل للفهرسة","","bab306598d410fdb156ea71acb103491","36","https://dnmeg.com/products/jeans-1-2","https://dnmeg.com/products/jeans-1-2"
"https://dnmeg.com/products/socks-1-0","text/html; charset=utf-8","200","OK","قابل للفهرسة","","a9b2112283d6eb52d5513fd9a6e19f12","36","https://dnmeg.com/products/socks-1-0","https://dnmeg.com/products/socks-1-0"
"https://dnmeg.com/products/socks-1-1","text/html; charset=utf-8","200","OK","قابل للفهرسة","","9c27a88e67dc96293516dccffbd7cf7b","36","https://dnmeg.com/products/socks-1-1","https://dnmeg.com/products/socks-1-1"
"https://dnmeg.com/products/jeans-1-6","text/html; charset=utf-8","200","OK","قابل للفهرسة","","4f6451d536d60081d3868bb9e53e17a7","36","https://dnmeg.com/products/jeans-1-6","https://dnmeg.com/products/jeans-1-6"
"https://dnmeg.com/cdn/shop/files/grey_front_905a9188-8020-4967-b7bb-cabdb06c1e4d.png?v=1733088967&width=533","image/png","200","OK","قابل للفهرسة","","","107","","https://dnmeg.com/cdn/shop/files/grey_front_905a9188-8020-4967-b7bb-cabdb06c1e4d.png?v=1733088967&width=533"
"https://dnmeg.com/cdn/shop/files/Artboard2.png?v=1715271670&width=1946","image/png","200","OK","قابل للفهرسة","","","70","","https://dnmeg.com/cdn/shop/files/Artboard2.png?v=1715271670&width=1946"
"https://dnmeg.com/cdn/shop/t/7/assets/media-gallery.js?v=53998976194532824491732668149","text/javascript","200","OK","غير قابل للفهرسة","اتعمله Canonicalisation","","86","","https://dnmeg.com/cdn/shop/t/7/assets/media-gallery.js?v=53998976194532824491732668149"
"https://dnmeg.com/cdn/shopifycloud/portable-wallets/latest/accelerated-checkout-backwards-compat.css","text/css","200","OK","غير قابل للفهرسة","اتعمله Canonicalisation","","100","","https://dnmeg.com/cdn/shopifycloud/portable-wallets/latest/accelerated-checkout-backwards-compat.css"
"https://dnmeg.com/cdn/shop/files/21-front.png?v=1717348025&width=1445","image/png","200","OK","قابل للفهرسة","","","69","","https://dnmeg.com/cdn/shop/files/21-front.png?v=1717348025&width=1445"
"https://dnmeg.com/cdn/shop/files/tee-back-p.png?v=1717345743&width=1445","image/png","200","OK","قابل للفهرسة","","","71","","https://dnmeg.com/cdn/shop/files/tee-back-p.png?v=1717345743&width=1445"
"https://dnmeg.com/cdn/shop/t/7/assets/show-more.js?v=135784227224860024771732668150","text/javascript","200","OK","غير قابل للفهرسة","اتعمله Canonicalisation","","83","","https://dnmeg.com/cdn/shop/t/7/assets/show-more.js?v=135784227224860024771732668150"
"https://dnmeg.com/cdn/shop/files/green-front_eb52aec5-c932-41f5-af02-e7bcb2c8ed88.png?v=1733077198&width=533","image/png","200","OK","قابل للفهرسة","","","108","","https://dnmeg.com/cdn/shop/files/green-front_eb52aec5-c932-41f5-af02-e7bcb2c8ed88.png?v=1733077198&width=533"
"https://dnmeg.com/cdn/shop/files/FullSizeRender_a0c0803a-8957-4095-aefa-2deacb5c7c56.jpg?v=1755178985&width=533","image/jpeg","200","OK","قابل للفهرسة","","","111","","https://dnmeg.com/cdn/shop/files/FullSizeRender_a0c0803a-8957-4095-aefa-2deacb5c7c56.jpg?v=1755178985&width=533"
"https://dnmeg.com/cdn/shop/t/7/assets/product-modal.js?v=116616134454508949461732668149","text/javascript","200","OK","غير قابل للفهرسة","اتعمله Canonicalisation","","87","","https://dnmeg.com/cdn/shop/t/7/assets/product-modal.js?v=116616134454508949461732668149"
"https://dnmeg.com/products/cap-1-2","text/html; charset=utf-8","200","OK","قابل للفهرسة","","be8fae70b5790f9b338bb9ebd6f8325","34","https://dnmeg.com/products/cap-1-2","https://dnmeg.com/products/cap-1-2"
"https://dnmeg.com/cdn/shop/files/black-socks.png?v=1733161699&width=533","image/png","200","OK","قابل للفهرسة","","","71","","https://dnmeg.com/cdn/shop/files/black-socks.png?v=1733161699&width=533"
"https://dnmeg.com/products/sleeveless-1-1","text/html; charset=utf-8","200","OK","قابل للفهرسة","","d4ea62325ed4bfdc56c0e078e35e04b7","41","https://dnmeg.com/products/sleeveless-1-1","https://dnmeg.com/products/sleeveless-1-1"
"https://dnmeg.com/products/sleeveless-1-0","text/html; charset=utf-8","200","OK","قابل للفهرسة","","590224cce7f91a12688a0b1a99812aa8","41","https://dnmeg.com/products/sleeveless-1-0","https://dnmeg.com/products/sleeveless-1-0"
"https://dnmeg.com/cdn/shop/files/21-back.png?v=1717348025&width=1445","image/png","200","OK","قابل للفهرسة","","","68","","https://dnmeg.com/cdn/shop/files/21-back.png?v=1717348025&width=1445"
"https://dnmeg.com/cdn/shop/t/7/assets/product-info.js?v=149160427226008204701732668149","text/javascript","200","OK","غير قابل للفهرسة","اتعمله Canonicalisation","","86","","https://dnmeg.com/cdn/shop/t/7/assets/product-info.js?v=149160427226008204701732668149"
"https://dnmeg.com/cdn/shop/files/BLACK_FRONT_1.1.png?v=1755189562&width=533","image/png","200","OK","قابل للفهرسة","","","75","","https://dnmeg.com/cdn/shop/files/BLACK_FRONT_1.1.png?v=1755189562&width=533"
"https://dnmeg.com/cdn/shop/files/white.png?v=1733163359&width=533","image/png","200","OK","قابل للفهرسة","","","65","","https://dnmeg.com/cdn/shop/files/white.png?v=1733163359&width=533"
"https://dnmeg.com/cdn/shop/files/C9F38C96-5250-4F9A-BD06-5C15862D5772.jpg?v=1755202281&width=1946","image/jpeg","200","OK","قابل للفهرسة","","","97","","https://dnmeg.com/cdn/shop/files/C9F38C96-5250-4F9A-BD06-5C15862D5772.jpg?v=1755202281&width=1946"
"https://dnmeg.com/products/perfect-baggy-jeans-black","text/html; charset=utf-8","200","OK","قابل للفهرسة","","917c2a8f5c1d6712648d715428b8ed4","52","https://dnmeg.com/products/perfect-baggy-jeans-black","https://dnmeg.com/products/perfect-baggy-jeans-black"
"https://dnmeg.com/cdn/shop/files/purple-white-face.png?v=1717344916&width=1946","image/png","200","OK","قابل للفهرسة","","","78","","https://dnmeg.com/cdn/shop/files/purple-white-face.png?v=1717344916&width=1946"
"https://dnmeg.com/cdn/shop/files/45CEFB9D-3BB4-442A-B652-CCEDB95BA166.jpg?v=1733066642&width=1445","image/jpeg","200","OK","قابل للفهرسة","","","97","","https://dnmeg.com/cdn/shop/files/45CEFB9D-3BB4-442A-B652-CCEDB95BA166.jpg?v=1733066642&width=1445"
"https://dnmeg.com/cdn/shop/files/front_black_jeanss-l.png?v=1733075169&width=1946","image/png","200","OK","قابل للفهرسة","","","81","","https://dnmeg.com/cdn/shop/files/front_black_jeanss-l.png?v=1733075169&width=1946"
"https://dnmeg.com/cdn/shop/files/9FC5B8B6-508B-4D88-80CD-F15FC0F433B2.jpg?v=1733066642&width=1946","image/jpeg","200","OK","قابل للفهرسة","","","97","","https://dnmeg.com/cdn/shop/files/9FC5B8B6-508B-4D88-80CD-F15FC0F433B2.jpg?v=1733066642&width=1946"
"https://dnmeg.com/cdn/shop/files/E6BCED7C-33F0-4C2C-85A1-81CCB4C50F62.jpg?v=1733065839&width=1946","image/jpeg","200","OK","قابل للفهرسة","","","97","","https://dnmeg.com/cdn/shop/files/E6BCED7C-33F0-4C2C-85A1-81CCB4C50F62.jpg?v=1733065839&width=1946"
"https://dnmeg.com/cdn/shop/files/674824E0-2B01-4B09-9013-B6C39D2A08B6.jpg?v=1733066642&width=1445","image/jpeg","200","OK","قابل للفهرسة","","","97","","https://dnmeg.com/cdn/shop/files/674824E0-2B01-4B09-9013-B6C39D2A08B6.jpg?v=1733066642&width=1445"
"https://dnmeg.com/cdn/shop/files/B47F912A-2089-4001-B5B2-79CF2B38D108.jpg?v=1755184976&width=1946","image/jpeg","200","OK","قابل للفهرسة","","","97","","https://dnmeg.com/cdn/shop/files/B47F912A-2089-4001-B5B2-79CF2B38D108.jpg?v=1755184976&width=1946"
"https://dnmeg.com/cdn/shop/files/66B0B6E5-0534-4F7B-9EFC-E732A5E1F50C.jpg?v=1755184976&width=1946","image/jpeg","200","OK","قابل للفهرسة","","","97","","https://dnmeg.com/cdn/shop/files/66B0B6E5-0534-4F7B-9EFC-E732A5E1F50C.jpg?v=1755184976&width=1946"
"https://dnmeg.com/cdn/shop/files/brown-back.png?v=1733086970&width=1445","image/png","200","OK","قابل للفهرسة","","","71","","https://dnmeg.com/cdn/shop/files/brown-back.png?v=1733086970&width=1445"
"https://dnmeg.com/cdn/shop/files/vintagefromt-web.png?v=1701342936&width=1445","image/png","200","OK","قابل للفهرسة","","","77","","https://dnmeg.com/cdn/shop/files/vintagefromt-web.png?v=1701342936&width=1445"
"https://dnmeg.com/cdn/shop/files/back_jeanss-b.png?v=1733074929&width=1445","image/png","200","OK","قابل للفهرسة","","","74","","https://dnmeg.com/cdn/shop/files/back_jeanss-b.png?v=1733074929&width=1445"
"https://dnmeg.com/cdn/shop/files/265D47CF-7BFB-4DDC-B95D-4914637AD60E.jpg?v=1755195232&width=1445","image/jpeg","200","OK","قابل للفهرسة","","","97","","https://dnmeg.com/cdn/shop/files/265D47CF-7BFB-4DDC-B95D-4914637AD60E.jpg?v=1755195232&width=1445"
"https://dnmeg.com/cdn/shop/files/BLACK_FRONT_3.png?v=1755197870&width=1946","image/png","200","OK","قابل للفهرسة","","","74","","https://dnmeg.com/cdn/shop/files/BLACK_FRONT_3.png?v=1755197870&width=1946"
"https://dnmeg.com/cdn/shop/files/ZIPUP-BLACK_1.png?v=1733086914&width=1946","image/png","200","OK","قابل للفهرسة","","","74","","https://dnmeg.com/cdn/shop/files/ZIPUP-BLACK_1.png?v=1733086914&width=1946"
"https://dnmeg.com/cdn/shop/files/6CF0788C-124B-42A8-A74F-67C036E933D1.jpg?v=1755184976&width=1946","image/jpeg","200","OK","قابل للفهرسة","","","97","","https://dnmeg.com/cdn/shop/files/6CF0788C-124B-42A8-A74F-67C036E933D1.jpg?v=1755184976&width=1946"
"https://dnmeg.com/cdn/shop/files/C79E7BB6-7770-4BCD-9C4C-994501F85188.jpg?v=1755202281&width=1946","image/jpeg","200","OK","قابل للفهرسة","","","97","","https://dnmeg.com/cdn/shop/files/C79E7BB6-7770-4BCD-9C4C-994501F85188.jpg?v=1755202281&width=1946"
"https://dnmeg.com/cdn/shop/files/076883D3-F151-4D8C-B1B3-FD28CF79990D.jpg?v=1755195232&width=1445","image/jpeg","200","OK","قابل للفهرسة","","","97","","https://dnmeg.com/cdn/shop/files/076883D3-F151-4D8C-B1B3-FD28CF79990D.jpg?v=1755195232&width=1445"
"https://dnmeg.com/cdn/shop/files/5A277AF9-8B59-411E-8C46-55DEA047FB5D.jpg?v=1755184976&width=1445","image/jpeg","200","OK","قابل للفهرسة","","","97","","https://dnmeg.com/cdn/shop/files/5A277AF9-8B59-411E-8C46-55DEA047FB5D.jpg?v=1755184976&width=1445"
"https://dnmeg.com/cdn/shop/files/pack.png?v=1733161659&width=1946","image/png","200","OK","قابل للفهرسة","","","65","","https://dnmeg.com/cdn/shop/files/pack.png?v=1733161659&width=1946"
"https://dnmeg.com/cdn/shop/files/B3B22AD6-87E8-4E7B-86E8-45D9E1A831F8.jpg?v=1755184976&width=1445","image/jpeg","200","OK","قابل للفهرسة","","","97","","https://dnmeg.com/cdn/shop/files/B3B22AD6-87E8-4E7B-86E8-45D9E1A831F8.jpg?v=1755184976&width=1445"
"https://dnmeg.com/cdn/shop/files/black-back.png?v=1733077182&width=1946","image/png","200","OK","قابل للفهرسة","","","71","","https://dnmeg.com/cdn/shop/files/black-back.png?v=1733077182&width=1946"
"https://dnmeg.com/cdn/shop/files/CBD2A389-3610-46F1-98B7-F5A61F9B3ADA.jpg?v=1733066814&width=1946","image/jpeg","200","OK","قابل للفهرسة","","","97","","https://dnmeg.com/cdn/shop/files/CBD2A389-3610-46F1-98B7-F5A61F9B3ADA.jpg?v=1733066814&width=1946"
"https://dnmeg.com/cdn/shop/files/front_jeansbb.png?v=1733074948&width=1445","image/png","200","OK","قابل للفهرسة","","","74","","https://dnmeg.com/cdn/shop/files/front_jeansbb.png?v=1733074948&width=1445"
"https://dnmeg.com/cdn/shop/files/black-front.png?v=1733077186&width=1946","image/png","200","OK","قابل للفهرسة","","","72","","https://dnmeg.com/cdn/shop/files/black-front.png?v=1733077186&width=1946"
"https://dnmeg.com/cdn/shop/files/white.png?v=1733163359&width=1445","image/png","200","OK","قابل للفهرسة","","","66","","https://dnmeg.com/cdn/shop/files/white.png?v=1733163359&width=1445"
"https://dnmeg.com/cdn/shop/files/FullSizeRender_c05629fd-03e7-4b3d-b1ef-d608840435cb.jpg?v=1755180329&width=1445","image/jpeg","200","OK","قابل للفهرسة","","","112","","https://dnmeg.com/cdn/shop/files/FullSizeRender_c05629fd-03e7-4b3d-b1ef-d608840435cb.jpg?v=1755180329&width=1445"
"https://dnmeg.com/cdn/shop/files/D703E765-66C8-419C-8692-44994E871621.jpg?v=1733065839&width=1445","image/jpeg","200","OK","قابل للفهرسة","","","97","","https://dnmeg.com/cdn/shop/files/D703E765-66C8-419C-8692-44994E871621.jpg?v=1733065839&width=1445"
"https://dnmeg.com/cdn/shop/files/9DD5D10E-9EFF-422C-9D41-810A9F6C8880.jpg?v=1733066642&width=1946","image/jpeg","200","OK","قابل للفهرسة","","","97","","https://dnmeg.com/cdn/shop/files/9DD5D10E-9EFF-422C-9D41-810A9F6C8880.jpg?v=1733066642&width=1946"
"https://dnmeg.com/cdn/shop/files/grey_ftont-s_949573b1-730b-4283-ab3b-9d3388775c28.png?v=1733075122&width=1946","image/png","200","OK","قابل للفهرسة","","","110","","https://dnmeg.com/cdn/shop/files/grey_ftont-s_949573b1-730b-4283-ab3b-9d3388775c28.png?v=1733075122&width=1946"
"https://dnmeg.com/cdn/shop/files/BeanieMockup_17b37165-658a-4655-972c-ba73ebba5e77.png?v=1733161112&width=1946","image/png","200","OK","قابل للفهرسة","","","110","","https://dnmeg.com/cdn/shop/files/BeanieMockup_17b37165-658a-4655-972c-ba73ebba5e77.png?v=1733161112&width=1946"
"https://dnmeg.com/cdn/shop/files/FullSizeRender_75bdab98-ed8c-4f83-9694-0f9758c5ef19.jpg?v=1755180346&width=1946","image/jpeg","200","OK","قابل للفهرسة","","","112","","https://dnmeg.com/cdn/shop/files/FullSizeRender_75bdab98-ed8c-4f83-9694-0f9758c5ef19.jpg?v=1755180346&width=1946"
"https://dnmeg.com/cdn/shop/files/7CA4C527-BD0A-4BEA-BBDE-9E1531017347.jpg?v=1733065724&width=1946","image/jpeg","200","OK","قابل للفهرسة","","","97","","https://dnmeg.com/cdn/shop/files/7CA4C527-BD0A-4BEA-BBDE-9E1531017347.jpg?v=1733065724&width=1946"
"https://dnmeg.com/cdn/shop/files/94D88B4A-50D0-4492-9B52-38AD031763C3.jpg?v=1733066270&width=1946","image/jpeg","200","OK","قابل للفهرسة","","","97","","https://dnmeg.com/cdn/shop/files/94D88B4A-50D0-4492-9B52-38AD031763C3.jpg?v=1733066270&width=1946"
"https://dnmeg.com/cdn/shop/files/7EBFD026-EC99-40BD-8A61-1B07DC3773CD.jpg?v=1733066642&width=1445","image/jpeg","200","OK","قابل للفهرسة","","","97","","https://dnmeg.com/cdn/shop/files/7EBFD026-EC99-40BD-8A61-1B07DC3773CD.jpg?v=1733066642&width=1445"
"https://dnmeg.com/cdn/shop/files/EF59A021-1D63-4B4F-B7E3-BBF78CA1DBBE.jpg?v=1733065724&width=1946","image/jpeg","200","OK","قابل للفهرسة","","","97","","https://dnmeg.com/cdn/shop/files/EF59A021-1D63-4B4F-B7E3-BBF78CA1DBBE.jpg?v=1733065724&width=1946"
"https://dnmeg.com/cdn/shop/files/DE8CFBAA-9412-4826-953E-C79E09544F7F.jpg?v=1733066059&width=1445","image/jpeg","200","OK","قابل للفهرسة","","","97","","https://dnmeg.com/cdn/shop/files/DE8CFBAA-9412-4826-953E-C79E09544F7F.jpg?v=1733066059&width=1445"
"https://dnmeg.com/cdn/shop/files/F712FEB0-98E6-4437-8A3B-D785AE1EDB51.jpg?v=1733066270&width=1946","image/jpeg","200","OK","قابل للفهرسة","","","97","","https://dnmeg.com/cdn/shop/files/F712FEB0-98E6-4437-8A3B-D785AE1EDB51.jpg?v=1733066270&width=1946"
"https://dnmeg.com/cdn/shop/files/vintageback-web.png?v=1701342936&width=1445","image/png","200","OK","قابل للفهرسة","","","76","","https://dnmeg.com/cdn/shop/files/vintageback-web.png?v=1701342936&width=1445"
"https://dnmeg.com/cdn/shop/files/299BA3C1-03D3-49F0-BC76-E955873A869B.jpg?v=1755202281&width=1445","image/jpeg","200","OK","قابل للفهرسة","","","97","","https://dnmeg.com/cdn/shop/files/299BA3C1-03D3-49F0-BC76-E955873A869B.jpg?v=1755202281&width=1445"
"https://dnmeg.com/cdn/shop/files/58D4778D-C3F3-4C75-BBB5-BF815989EA05.jpg?v=1755184976&width=1445","image/jpeg","200","OK","قابل للفهرسة","","","97","","https://dnmeg.com/cdn/shop/files/58D4778D-C3F3-4C75-BBB5-BF815989EA05.jpg?v=1755184976&width=1445"
"https://dnmeg.com/cdn/shop/files/FullSizeRender_2312e1a3-fc02-49ec-8375-45a9dffa6cbb.jpg?v=1755179790&width=1445","image/jpeg","200","OK","قابل للفهرسة","","","112","","https://dnmeg.com/cdn/shop/files/FullSizeRender_2312e1a3-fc02-49ec-8375-45a9dffa6cbb.jpg?v=1755179790&width=1445"
"https://dnmeg.com/cdn/shop/files/IMG-0210.jpg?v=1733067607&width=1946","image/jpeg","200","OK","قابل للفهرسة","","","69","","https://dnmeg.com/cdn/shop/files/IMG-0210.jpg?v=1733067607&width=1946"
"https://dnmeg.com/cdn/shop/files/FullSizeRender_a0c0803a-8957-4095-aefa-2deacb5c7c56.jpg?v=1755178985&width=1946","image/jpeg","200","OK","قابل للفهرسة","","","112","","https://dnmeg.com/cdn/shop/files/FullSizeRender_a0c0803a-8957-4095-aefa-2deacb5c7c56.jpg?v=1755178985&width=1946"
"https://dnmeg.com/cdn/shop/files/CopyofDSC09956.jpg?v=1701346656&width=1445","image/jpeg","200","OK","قابل للفهرسة","","","75","","https://dnmeg.com/cdn/shop/files/CopyofDSC09956.jpg?v=1701346656&width=1445"
"https://dnmeg.com/cdn/shop/files/FA6E42ED-0475-4202-A4E8-F957F54CA96F.jpg?v=1755185053&width=1946","image/jpeg","200","OK","قابل للفهرسة","","","97","","https://dnmeg.com/cdn/shop/files/FA6E42ED-0475-4202-A4E8-F957F54CA96F.jpg?v=1755185053&width=1946"
"https://dnmeg.com/cdn/shop/files/IMG-3688.png?v=1713780405&width=1445","image/png","200","OK","قابل للفهرسة","","","69","","https://dnmeg.com/cdn/shop/files/IMG-3688.png?v=1713780405&width=1445"
"https://dnmeg.com/cdn/shop/files/7B0961B5-F903-4A17-9F9C-16D7E448D1DA.jpg?v=1733066158&width=1946","image/jpeg","200","OK","قابل للفهرسة","","","97","","https://dnmeg.com/cdn/shop/files/7B0961B5-F903-4A17-9F9C-16D7E448D1DA.jpg?v=1733066158&width=1946"
"https://dnmeg.com/cdn/shop/files/1509584D-D192-4170-88A9-94B0BD68DAD6.jpg?v=1755184976&width=1445","image/jpeg","200","OK","قابل للفهرسة","","","97","","https://dnmeg.com/cdn/shop/files/1509584D-D192-4170-88A9-94B0BD68DAD6.jpg?v=1755184976&width=1445"
"https://dnmeg.com/cdn/shop/files/custom_resized_ef6a0e31-7c9f-48e7-b0a8-011b3c9c5ac1.png?v=1696831119&width=1445","image/png","200","OK","قابل للفهرسة","","","112","","https://dnmeg.com/cdn/shop/files/custom_resized_ef6a0e31-7c9f-48e7-b0a8-011b3c9c5ac1.png?v=1696831119&width=1445"
"https://dnmeg.com/cdn/shop/files/ZIPUP-BLACK-_2.png?v=1733089003&width=1946","image/png","200","OK","قابل للفهرسة","","","75","","https://dnmeg.com/cdn/shop/files/ZIPUP-BLACK-_2.png?v=1733089003&width=1946"
"https://dnmeg.com/cdn/shop/files/7BBDBEFD-5ED7-4FF0-A193-30D9F8DBCBF2.jpg?v=1733066642&width=1445","image/jpeg","200","OK","قابل للفهرسة","","","97","","https://dnmeg.com/cdn/shop/files/7BBDBEFD-5ED7-4FF0-A193-30D9F8DBCBF2.jpg?v=1733066642&width=1445"
"https://dnmeg.com/cdn/shop/files/42B743EF-0DCF-4260-906F-C85C51B61ED2.jpg?v=1733066270&width=1445","image/jpeg","200","OK","قابل للفهرسة","","","97","","https://dnmeg.com/cdn/shop/files/42B743EF-0DCF-4260-906F-C85C51B61ED2.jpg?v=1733066270&width=1445"
"https://dnmeg.com/cdn/shop/files/IMG-0214.jpg?v=1733068333&width=1445","image/jpeg","200","OK","قابل للفهرسة","","","69","","https://dnmeg.com/cdn/shop/files/IMG-0214.jpg?v=1733068333&width=1445"
"https://dnmeg.com/cdn/shop/files/D703E765-66C8-419C-8692-44994E871621.jpg?v=1733065839&width=1946","image/jpeg","200","OK","قابل للفهرسة","","","97","","https://dnmeg.com/cdn/shop/files/D703E765-66C8-419C-8692-44994E871621.jpg?v=1733065839&width=1946"
"https://dnmeg.com/cdn/shop/files/FullSizeRender_6c110de2-9d5f-48b6-a08d-41b6be03e643.jpg?v=1755180367&width=1445","image/jpeg","200","OK","قابل للفهرسة","","","112","","https://dnmeg.com/cdn/shop/files/FullSizeRender_6c110de2-9d5f-48b6-a08d-41b6be03e643.jpg?v=1755180367&width=1445"
"https://dnmeg.com/cdn/shop/files/EBCF0859-FAF7-42F0-83A2-94B68ACC931E.jpg?v=1755185052&width=1445","image/jpeg","200","OK","قابل للفهرسة","","","97","","https://dnmeg.com/cdn/shop/files/EBCF0859-FAF7-42F0-83A2-94B68ACC931E.jpg?v=1755185052&width=1445"
"https://dnmeg.com/cdn/shop/files/FullSizeRender_1ab3f7e1-f72a-4b1b-ba0a-ee97ceab17e8.jpg?v=1755179790&width=1445","image/jpeg","200","OK","قابل للفهرسة","","","112","","https://dnmeg.com/cdn/shop/files/FullSizeRender_1ab3f7e1-f72a-4b1b-ba0a-ee97ceab17e8.jpg?v=1755179790&width=1445"
"https://dnmeg.com/cdn/shop/files/grey_back.png?v=1733086970&width=1946","image/png","200","OK","قابل للفهرسة","","","70","","https://dnmeg.com/cdn/shop/files/grey_back.png?v=1733086970&width=1946"
"https://dnmeg.com/cdn/shop/files/BeanieMockup_17b37165-658a-4655-972c-ba73ebba5e77.png?v=1733161112&width=1445","image/png","200","OK","قابل للفهرسة","","","110","","https://dnmeg.com/cdn/shop/files/BeanieMockup_17b37165-658a-4655-972c-ba73ebba5e77.png?v=1733161112&width=1445"
"https://dnmeg.com/cdn/shop/files/E3C10E95-519B-4BDB-97E6-AB9792757496.jpg?v=1755184976&width=1946","image/jpeg","200","OK","قابل للفهرسة","","","97","","https://dnmeg.com/cdn/shop/files/E3C10E95-519B-4BDB-97E6-AB9792757496.jpg?v=1755184976&width=1946"
"https://dnmeg.com/cdn/shop/files/vintageback-web.png?v=1701342936&width=1946","image/png","200","OK","قابل للفهرسة","","","76","","https://dnmeg.com/cdn/shop/files/vintageback-web.png?v=1701342936&width=1946"
"https://dnmeg.com/cdn/shop/files/3BD25690-1074-40DE-BF20-88827C1CD732.jpg?v=1733065724&width=1946","image/jpeg","200","OK","قابل للفهرسة","","","97","","https://dnmeg.com/cdn/shop/files/3BD25690-1074-40DE-BF20-88827C1CD732.jpg?v=1733065724&width=1946"
"https://dnmeg.com/cdn/shop/files/dnm-beanie.png?v=1703474614&width=1946","image/png","200","OK","قابل للفهرسة","","","71","","https://dnmeg.com/cdn/shop/files/dnm-beanie.png?v=1703474614&width=1946"
"https://dnmeg.com/cdn/shop/files/IMG-0212.jpg?v=1733068262&width=1946","image/jpeg","200","OK","قابل للفهرسة","","","69","","https://dnmeg.com/cdn/shop/files/IMG-0212.jpg?v=1733068262&width=1946"
"https://dnmeg.com/cdn/shop/files/691E5B6D-21E7-45DF-90A1-3C133DCCFF2F.jpg?v=1755184976&width=1946","image/jpeg","200","OK","قابل للفهرسة","","","97","","https://dnmeg.com/cdn/shop/files/691E5B6D-21E7-45DF-90A1-3C133DCCFF2F.jpg?v=1755184976&width=1946"
"https://dnmeg.com/cdn/shop/files/green-front_eb52aec5-c932-41f5-af02-e7bcb2c8ed88.png?v=1733077198&width=1946","image/png","200","OK","قابل للفهرسة","","","109","","https://dnmeg.com/cdn/shop/files/green-front_eb52aec5-c932-41f5-af02-e7bcb2c8ed88.png?v=1733077198&width=1946"
"https://dnmeg.com/cdn/shop/files/FullSizeRender_670fbc21-d342-4fc1-8394-33d5e277b52b.jpg?v=1755179790&width=1445","image/jpeg","200","OK","قابل للفهرسة","","","112","","https://dnmeg.com/cdn/shop/files/FullSizeRender_670fbc21-d342-4fc1-8394-33d5e277b52b.jpg?v=1755179790&width=1445"
"https://dnmeg.com/cdn/shop/files/E3F74C0F-7D9F-4CBD-8361-63C293899F96.jpg?v=1733066158&width=1445","image/jpeg","200","OK","قابل للفهرسة","","","97","","https://dnmeg.com/cdn/shop/files/E3F74C0F-7D9F-4CBD-8361-63C293899F96.jpg?v=1733066158&width=1445"
"https://dnmeg.com/cdn/shop/files/FA0CA690-8D57-4318-96AB-32A192CA7278.jpg?v=1733065839&width=1445","image/jpeg","200","OK","قابل للفهرسة","","","97","","https://dnmeg.com/cdn/shop/files/FA0CA690-8D57-4318-96AB-32A192CA7278.jpg?v=1733065839&width=1445"
"https://dnmeg.com/cdn/shop/files/FullSizeRender_eb717a22-f990-4623-8368-4aa3189537d1.jpg?v=1755179790&width=1445","image/jpeg","200","OK","قابل للفهرسة","","","112","","https://dnmeg.com/cdn/shop/files/FullSizeRender_eb717a22-f990-4623-8368-4aa3189537d1.jpg?v=1755179790&width=1445"
"https://dnmeg.com/cdn/shop/files/C82A7B82-A264-4730-B33E-CC61D5DD15B0.jpg?v=1733066270&width=1445","image/jpeg","200","OK","قابل للفهرسة","","","97","","https://dnmeg.com/cdn/shop/files/C82A7B82-A264-4730-B33E-CC61D5DD15B0.jpg?v=1733066270&width=1445"
"https://dnmeg.com/cdn/shop/files/61AF8389-7E8E-4FD8-A9BE-DE37750BD0A7.jpg?v=1733067618&width=1946","image/jpeg","200","OK","قابل للفهرسة","","","97","","https://dnmeg.com/cdn/shop/files/61AF8389-7E8E-4FD8-A9BE-DE37750BD0A7.jpg?v=1733067618&width=1946"
"https://dnmeg.com/cdn/shop/files/989F8F4D-5495-4984-8AF3-5E437D14F841.jpg?v=1733066642&width=1445","image/jpeg","200","OK","قابل للفهرسة","","","97","","https://dnmeg.com/cdn/shop/files/989F8F4D-5495-4984-8AF3-5E437D14F841.jpg?v=1733066642&width=1445"
"https://dnmeg.com/cdn/shop/files/58D4778D-C3F3-4C75-BBB5-BF815989EA05.jpg?v=1755184976&width=1946","image/jpeg","200","OK","قابل للفهرسة","","","97","","https://dnmeg.com/cdn/shop/files/58D4778D-C3F3-4C75-BBB5-BF815989EA05.jpg?v=1755184976&width=1946"
"https://dnmeg.com/cdn/shop/files/DE8CFBAA-9412-4826-953E-C79E09544F7F.jpg?v=1733066059&width=1946","image/jpeg","200","OK","قابل للفهرسة","","","97","","https://dnmeg.com/cdn/shop/files/DE8CFBAA-9412-4826-953E-C79E09544F7F.jpg?v=1733066059&width=1946"
"https://dnmeg.com/cdn/shop/files/FA6E42ED-0475-4202-A4E8-F957F54CA96F.jpg?v=1755185053&width=1445","image/jpeg","200","OK","قابل للفهرسة","","","97","","https://dnmeg.com/cdn/shop/files/FA6E42ED-0475-4202-A4E8-F957F54CA96F.jpg?v=1755185053&width=1445"
"https://dnmeg.com/cdn/shop/files/blackk.png?v=1733163491&width=1445","image/png","200","OK","قابل للفهرسة","","","67","","https://dnmeg.com/cdn/shop/files/blackk.png?v=1733163491&width=1445"
"https://dnmeg.com/cdn/shop/files/BLACK_back_3.png?v=1755202281&width=1445","image/png","200","OK","قابل للفهرسة","","","73","","https://dnmeg.com/cdn/shop/files/BLACK_back_3.png?v=1755202281&width=1445"
"https://dnmeg.com/cdn/shop/files/EF59A021-1D63-4B4F-B7E3-BBF78CA1DBBE.jpg?v=1733065724&width=1445","image/jpeg","200","OK","قابل للفهرسة","","","97","","https://dnmeg.com/cdn/shop/files/EF59A021-1D63-4B4F-B7E3-BBF78CA1DBBE.jpg?v=1733065724&width=1445"
"https://dnmeg.com/cdn/shop/files/BLACK_BACK.png?v=1755195232&width=1946","image/png","200","OK","قابل للفهرسة","","","71","","https://dnmeg.com/cdn/shop/files/BLACK_BACK.png?v=1755195232&width=1946"
"https://dnmeg.com/cdn/shop/files/FullSizeRender_2312e1a3-fc02-49ec-8375-45a9dffa6cbb.jpg?v=1755179790&width=1946","image/jpeg","200","OK","قابل للفهرسة","","","112","","https://dnmeg.com/cdn/shop/files/FullSizeRender_2312e1a3-fc02-49ec-8375-45a9dffa6cbb.jpg?v=1755179790&width=1946"
"https://dnmeg.com/cdn/shop/files/7BBDBEFD-5ED7-4FF0-A193-30D9F8DBCBF2.jpg?v=1733066642&width=1946","image/jpeg","200","OK","قابل للفهرسة","","","97","","https://dnmeg.com/cdn/shop/files/7BBDBEFD-5ED7-4FF0-A193-30D9F8DBCBF2.jpg?v=1733066642&width=1946"
"https://dnmeg.com/cdn/shop/files/A5DDB57B-FDF1-4123-A170-60DE61FD7277.jpg?v=1733065767&width=1445","image/jpeg","200","OK","قابل للفهرسة","","","97","","https://dnmeg.com/cdn/shop/files/A5DDB57B-FDF1-4123-A170-60DE61FD7277.jpg?v=1733065767&width=1445"
"https://dnmeg.com/cdn/shop/files/FullSizeRender_4a6eaa06-0caf-4fba-a3a9-f830b1a314ec.jpg?v=1755180273&width=1946","image/jpeg","200","OK","قابل للفهرسة","","","112","","https://dnmeg.com/cdn/shop/files/FullSizeRender_4a6eaa06-0caf-4fba-a3a9-f830b1a314ec.jpg?v=1755180273&width=1946"
"https://dnmeg.com/cdn/shop/files/grey_front_905a9188-8020-4967-b7bb-cabdb06c1e4d.png?v=1733088967&width=1946","image/png","200","OK","قابل للفهرسة","","","108","","https://dnmeg.com/cdn/shop/files/grey_front_905a9188-8020-4967-b7bb-cabdb06c1e4d.png?v=1733088967&width=1946"
"https://dnmeg.com/cdn/shop/files/IMG-0213_faf70204-e08a-4056-85e1-e6de841b896d.jpg?v=1733068235&width=1946","image/jpeg","200","OK","قابل للفهرسة","","","106","","https://dnmeg.com/cdn/shop/files/IMG-0213_faf70204-e08a-4056-85e1-e6de841b896d.jpg?v=1733068235&width=1946"
"https://dnmeg.com/cdn/shop/files/custom_resized_f821dbbd-749a-49e6-b67b-3bc376c91859.png?v=1755524904&width=1445","image/png","200","OK","قابل للفهرسة","","","112","","https://dnmeg.com/cdn/shop/files/custom_resized_f821dbbd-749a-49e6-b67b-3bc376c91859.png?v=1755524904&width=1445"
"https://dnmeg.com/cdn/shop/files/0F87F246-D032-4FAF-90A5-CC7D76A43FAF.jpg?v=1733066059&width=1445","image/jpeg","200","OK","قابل للفهرسة","","","97","","https://dnmeg.com/cdn/shop/files/0F87F246-D032-4FAF-90A5-CC7D76A43FAF.jpg?v=1733066059&width=1445"
"https://dnmeg.com/cdn/shop/files/IMG-0213.jpg?v=1733068220&width=1946","image/jpeg","200","OK","قابل للفهرسة","","","69","","https://dnmeg.com/cdn/shop/files/IMG-0213.jpg?v=1733068220&width=1946"
"https://dnmeg.com/cdn/shop/files/CopyofDSC09948.jpg?v=1701346656&width=1445","image/jpeg","200","OK","قابل للفهرسة","","","75","","https://dnmeg.com/cdn/shop/files/CopyofDSC09948.jpg?v=1701346656&width=1445"
"https://dnmeg.com/cdn/shop/files/keychain.png?v=1733163431&width=1445","image/png","200","OK","قابل للفهرسة","","","69","","https://dnmeg.com/cdn/shop/files/keychain.png?v=1733163431&width=1445"
"https://dnmeg.com/cdn/shop/files/FullSizeRender_7199ef37-7315-46fe-a7c5-f400e2922f54.jpg?v=1755180305&width=1946","image/jpeg","200","OK","قابل للفهرسة","","","112","","https://dnmeg.com/cdn/shop/files/FullSizeRender_7199ef37-7315-46fe-a7c5-f400e2922f54.jpg?v=1755180305&width=1946"
"https://dnmeg.com/cdn/shop/files/FullSizeRender_21434e33-39cd-4807-9016-5e03fe65bb17.jpg?v=1755179790&width=1445","image/jpeg","200","OK","قابل للفهرسة","","","112","","https://dnmeg.com/cdn/shop/files/FullSizeRender_21434e33-39cd-4807-9016-5e03fe65bb17.jpg?v=1755179790&width=1445"
"https://dnmeg.com/cdn/shop/files/674824E0-2B01-4B09-9013-B6C39D2A08B6.jpg?v=1733066642&width=1946","image/jpeg","200","OK","قابل للفهرسة","","","97","","https://dnmeg.com/cdn/shop/files/674824E0-2B01-4B09-9013-B6C39D2A08B6.jpg?v=1733066642&width=1946"
"https://dnmeg.com/cdn/shop/files/E6BCED7C-33F0-4C2C-85A1-81CCB4C50F62.jpg?v=1733065839&width=1445","image/jpeg","200","OK","قابل للفهرسة","","","97","","https://dnmeg.com/cdn/shop/files/E6BCED7C-33F0-4C2C-85A1-81CCB4C50F62.jpg?v=1733065839&width=1445"
"https://dnmeg.com/cdn/shop/files/FullSizeRender.jpg?v=1755178948&width=1946","image/jpeg","200","OK","قابل للفهرسة","","","75","","https://dnmeg.com/cdn/shop/files/FullSizeRender.jpg?v=1755178948&width=1946"
"https://dnmeg.com/cdn/shop/files/45CEFB9D-3BB4-442A-B652-CCEDB95BA166.jpg?v=1733066642&width=1946","image/jpeg","200","OK","قابل للفهرسة","","","97","","https://dnmeg.com/cdn/shop/files/45CEFB9D-3BB4-442A-B652-CCEDB95BA166.jpg?v=1733066642&width=1946"
"https://dnmeg.com/cdn/shop/files/FullSizeRender_094d514c-fe18-45b0-904d-13bcabecd5c8.jpg?v=1755195232&width=1445","image/jpeg","200","OK","قابل للفهرسة","","","112","","https://dnmeg.com/cdn/shop/files/FullSizeRender_094d514c-fe18-45b0-904d-13bcabecd5c8.jpg?v=1755195232&width=1445"
"https://dnmeg.com/cdn/shop/files/6B89FCFA-ADD5-47C3-A3D5-DC2C5A0AFFA2.jpg?v=1755185052&width=1445","image/jpeg","200","OK","قابل للفهرسة","","","97","","https://dnmeg.com/cdn/shop/files/6B89FCFA-ADD5-47C3-A3D5-DC2C5A0AFFA2.jpg?v=1755185052&width=1445"
"https://dnmeg.com/cdn/shop/files/9FC5B8B6-508B-4D88-80CD-F15FC0F433B2.jpg?v=1733066642&width=1445","image/jpeg","200","OK","قابل للفهرسة","","","97","","https://dnmeg.com/cdn/shop/files/9FC5B8B6-508B-4D88-80CD-F15FC0F433B2.jpg?v=1733066642&width=1445"
"https://dnmeg.com/cdn/shop/files/B14935C7-F72A-45AE-BCC4-84A5B22CF629.jpg?v=1755184933&width=1946","image/jpeg","200","OK","قابل للفهرسة","","","97","","https://dnmeg.com/cdn/shop/files/B14935C7-F72A-45AE-BCC4-84A5B22CF629.jpg?v=1755184933&width=1946"
"https://dnmeg.com/cdn/shop/files/grey_back-s_a95eaf0c-4b26-4991-9be2-72a342e8b524.png?v=1733075097&width=1946","image/png","200","OK","قابل للفهرسة","","","109","","https://dnmeg.com/cdn/shop/files/grey_back-s_a95eaf0c-4b26-4991-9be2-72a342e8b524.png?v=1733075097&width=1946"
"https://dnmeg.com/cdn/shop/files/3EA34C72-502D-4540-B5B5-91B8F2A5F005.jpg?v=1755184976&width=1946","image/jpeg","200","OK","قابل للفهرسة","","","97","","https://dnmeg.com/cdn/shop/files/3EA34C72-502D-4540-B5B5-91B8F2A5F005.jpg?v=1755184976&width=1946"
"https://dnmeg.com/cdn/shop/files/0CDBE10F-2303-4F62-A02B-E22CA333CD1B.jpg?v=1733066158&width=1946","image/jpeg","200","OK","قابل للفهرسة","","","97","","https://dnmeg.com/cdn/shop/files/0CDBE10F-2303-4F62-A02B-E22CA333CD1B.jpg?v=1733066158&width=1946"
"https://dnmeg.com/cdn/shop/files/70AB458E-2C97-4A65-A390-CEB193EFE99D.jpg?v=1733065724&width=1445","image/jpeg","200","OK","قابل للفهرسة","","","97","","https://dnmeg.com/cdn/shop/files/70AB458E-2C97-4A65-A390-CEB193EFE99D.jpg?v=1733065724&width=1445"
"https://dnmeg.com/cdn/shop/files/custom_resized_be2ce926-cedf-4b50-8d46-97fbf27f2140.png?v=1696831660&width=1445","image/png","200","OK","قابل للفهرسة","","","112","","https://dnmeg.com/cdn/shop/files/custom_resized_be2ce926-cedf-4b50-8d46-97fbf27f2140.png?v=1696831660&width=1445"
"https://dnmeg.com/cdn/shop/files/BLACK_FRONT_1.1.png?v=1755189562&width=1946","image/png","200","OK","قابل للفهرسة","","","76","","https://dnmeg.com/cdn/shop/files/BLACK_FRONT_1.1.png?v=1755189562&width=1946"
"https://dnmeg.com/cdn/shop/files/FullSizeRender_23e41e53-211b-4558-b6d9-2781a8422f9a.jpg?v=1755180310&width=1445","image/jpeg","200","OK","قابل للفهرسة","","","112","","https://dnmeg.com/cdn/shop/files/FullSizeRender_23e41e53-211b-4558-b6d9-2781a8422f9a.jpg?v=1755180310&width=1445"
"https://dnmeg.com/cdn/shop/files/black-socks.png?v=1733161699&width=1946","image/png","200","OK","قابل للفهرسة","","","72","","https://dnmeg.com/cdn/shop/files/black-socks.png?v=1733161699&width=1946"
"https://dnmeg.com/cdn/shop/files/2F04329D-1A07-4C7B-9C0A-4FA7A981559F.jpg?v=1733066059&width=1946","image/jpeg","200","OK","قابل للفهرسة","","","97","","https://dnmeg.com/cdn/shop/files/2F04329D-1A07-4C7B-9C0A-4FA7A981559F.jpg?v=1733066059&width=1946"
"https://dnmeg.com/cdn/shop/files/6CF0788C-124B-42A8-A74F-67C036E933D1.jpg?v=1755184976&width=1445","image/jpeg","200","OK","قابل للفهرسة","","","97","","https://dnmeg.com/cdn/shop/files/6CF0788C-124B-42A8-A74F-67C036E933D1.jpg?v=1755184976&width=1445"
"https://dnmeg.com/cdn/shop/files/9D6DEC15-4300-430B-959F-615260F090A6.jpg?v=1733065839&width=1946","image/jpeg","200","OK","قابل للفهرسة","","","97","","https://dnmeg.com/cdn/shop/files/9D6DEC15-4300-430B-959F-615260F090A6.jpg?v=1733065839&width=1946"
"https://dnmeg.com/cdn/shop/files/IMG-0212_ed0b5257-6e5d-4f39-818f-153c0891d81d.jpg?v=1733068280&width=1445","image/jpeg","200","OK","قابل للفهرسة","","","106","","https://dnmeg.com/cdn/shop/files/IMG-0212_ed0b5257-6e5d-4f39-818f-153c0891d81d.jpg?v=1733068280&width=1445"
"https://dnmeg.com/cdn/shop/files/5406D977-E565-4E3A-B287-DDDD8339FF90.jpg?v=1755195232&width=1445","image/jpeg","200","OK","قابل للفهرسة","","","97","","https://dnmeg.com/cdn/shop/files/5406D977-E565-4E3A-B287-DDDD8339FF90.jpg?v=1755195232&width=1445"
"https://dnmeg.com/cdn/shop/files/1509584D-D192-4170-88A9-94B0BD68DAD6.jpg?v=1755184976&width=1946","image/jpeg","200","OK","قابل للفهرسة","","","97","","https://dnmeg.com/cdn/shop/files/1509584D-D192-4170-88A9-94B0BD68DAD6.jpg?v=1755184976&width=1946"
"https://dnmeg.com/cdn/shop/files/green-zip-back.png?v=1733077194&width=1445","image/png","200","OK","قابل للفهرسة","","","75","","https://dnmeg.com/cdn/shop/files/green-zip-back.png?v=1733077194&width=1445"
"https://dnmeg.com/cdn/shop/files/black-front.png?v=1733077186&width=1445","image/png","200","OK","قابل للفهرسة","","","72","","https://dnmeg.com/cdn/shop/files/black-front.png?v=1733077186&width=1445"
"https://dnmeg.com/cdn/shop/files/back_black_jeans-l_b6d46591-c1d5-465e-bae8-890dc616deca.png?v=1733075323&width=1445","image/png","200","OK","قابل للفهرسة","","","116","","https://dnmeg.com/cdn/shop/files/back_black_jeans-l_b6d46591-c1d5-465e-bae8-890dc616deca.png?v=1733075323&width=1445"
"https://dnmeg.com/cdn/shop/files/brown-front_ba1edbb2-9237-47ea-8968-a8b1d961ffda.png?v=1733088997&width=1946","image/png","200","OK","قابل للفهرسة","","","109","","https://dnmeg.com/cdn/shop/files/brown-front_ba1edbb2-9237-47ea-8968-a8b1d961ffda.png?v=1733088997&width=1946"
"https://dnmeg.com/cdn/shop/files/FullSizeRender_094d514c-fe18-45b0-904d-13bcabecd5c8.jpg?v=1755195232&width=1946","image/jpeg","200","OK","قابل للفهرسة","","","112","","https://dnmeg.com/cdn/shop/files/FullSizeRender_094d514c-fe18-45b0-904d-13bcabecd5c8.jpg?v=1755195232&width=1946"
"https://dnmeg.com/cdn/shop/files/31445856-E11B-48BD-867C-75DF325B1ABA.jpg?v=1755202281&width=1946","image/jpeg","200","OK","قابل للفهرسة","","","97","","https://dnmeg.com/cdn/shop/files/31445856-E11B-48BD-867C-75DF325B1ABA.jpg?v=1755202281&width=1946"
"https://dnmeg.com/cdn/shop/files/IMG-3688.png?v=1713780405&width=1946","image/png","200","OK","قابل للفهرسة","","","69","","https://dnmeg.com/cdn/shop/files/IMG-3688.png?v=1713780405&width=1946"
"https://dnmeg.com/cdn/shop/files/0CDBE10F-2303-4F62-A02B-E22CA333CD1B.jpg?v=1733066158&width=1445","image/jpeg","200","OK","قابل للفهرسة","","","97","","https://dnmeg.com/cdn/shop/files/0CDBE10F-2303-4F62-A02B-E22CA333CD1B.jpg?v=1733066158&width=1445"
"https://dnmeg.com/cdn/shop/files/FullSizeRender_75bdab98-ed8c-4f83-9694-0f9758c5ef19.jpg?v=1755180346&width=1445","image/jpeg","200","OK","قابل للفهرسة","","","112","","https://dnmeg.com/cdn/shop/files/FullSizeRender_75bdab98-ed8c-4f83-9694-0f9758c5ef19.jpg?v=1755180346&width=1445"
"https://dnmeg.com/cdn/shop/files/B3B22AD6-87E8-4E7B-86E8-45D9E1A831F8.jpg?v=1755184976&width=1946","image/jpeg","200","OK","قابل للفهرسة","","","97","","https://dnmeg.com/cdn/shop/files/B3B22AD6-87E8-4E7B-86E8-45D9E1A831F8.jpg?v=1755184976&width=1946"
"https://dnmeg.com/cdn/shop/files/6B89FCFA-ADD5-47C3-A3D5-DC2C5A0AFFA2.jpg?v=1755185052&width=1946","image/jpeg","200","OK","قابل للفهرسة","","","97","","https://dnmeg.com/cdn/shop/files/6B89FCFA-ADD5-47C3-A3D5-DC2C5A0AFFA2.jpg?v=1755185052&width=1946"
"https://dnmeg.com/cdn/shop/files/white.png?v=1733163359&width=1946","image/png","200","OK","قابل للفهرسة","","","66","","https://dnmeg.com/cdn/shop/files/white.png?v=1733163359&width=1946"
"https://dnmeg.com/cdn/shop/files/FullSizeRender_c05629fd-03e7-4b3d-b1ef-d608840435cb.jpg?v=1755180329&width=1946","image/jpeg","200","OK","قابل للفهرسة","","","112","","https://dnmeg.com/cdn/shop/files/FullSizeRender_c05629fd-03e7-4b3d-b1ef-d608840435cb.jpg?v=1755180329&width=1946"
"https://dnmeg.com/cdn/shop/files/7CA4C527-BD0A-4BEA-BBDE-9E1531017347.jpg?v=1733065724&width=1445","image/jpeg","200","OK","قابل للفهرسة","","","97","","https://dnmeg.com/cdn/shop/files/7CA4C527-BD0A-4BEA-BBDE-9E1531017347.jpg?v=1733065724&width=1445"
"https://dnmeg.com/cdn/shop/files/299BA3C1-03D3-49F0-BC76-E955873A869B.jpg?v=1755202281&width=1946","image/jpeg","200","OK","قابل للفهرسة","","","97","","https://dnmeg.com/cdn/shop/files/299BA3C1-03D3-49F0-BC76-E955873A869B.jpg?v=1755202281&width=1946"
"https://dnmeg.com/cdn/shop/files/CopyofDSC09956.jpg?v=1701346656&width=1946","image/jpeg","200","OK","قابل للفهرسة","","","75","","https://dnmeg.com/cdn/shop/files/CopyofDSC09956.jpg?v=1701346656&width=1946"
"https://dnmeg.com/cdn/shop/files/94D88B4A-50D0-4492-9B52-38AD031763C3.jpg?v=1733066270&width=1445","image/jpeg","200","OK","قابل للفهرسة","","","97","","https://dnmeg.com/cdn/shop/files/94D88B4A-50D0-4492-9B52-38AD031763C3.jpg?v=1733066270&width=1445"
"https://dnmeg.com/cdn/shop/files/FullSizeRender_23e41e53-211b-4558-b6d9-2781a8422f9a.jpg?v=1755180310&width=1946","image/jpeg","200","OK","قابل للفهرسة","","","112","","https://dnmeg.com/cdn/shop/files/FullSizeRender_23e41e53-211b-4558-b6d9-2781a8422f9a.jpg?v=1755180310&width=1946"
"https://dnmeg.com/cdn/shop/files/7B0961B5-F903-4A17-9F9C-16D7E448D1DA.jpg?v=1733066158&width=1445","image/jpeg","200","OK","قابل للفهرسة","","","97","","https://dnmeg.com/cdn/shop/files/7B0961B5-F903-4A17-9F9C-16D7E448D1DA.jpg?v=1733066158&width=1445"
"https://dnmeg.com/cdn/shop/files/ZIPUP-BLACK-_2.png?v=1733089003&width=1445","image/png","200","OK","قابل للفهرسة","","","75","","https://dnmeg.com/cdn/shop/files/ZIPUP-BLACK-_2.png?v=1733089003&width=1445"
"https://dnmeg.com/cdn/shop/files/7F21BEBA-6748-4CDE-98FC-1E92663655FE.jpg?v=1733066059&width=1946","image/jpeg","200","OK","قابل للفهرسة","","","97","","https://dnmeg.com/cdn/shop/files/7F21BEBA-6748-4CDE-98FC-1E92663655FE.jpg?v=1733066059&width=1946"
"https://dnmeg.com/cdn/shop/files/FullSizeRender_1ab3f7e1-f72a-4b1b-ba0a-ee97ceab17e8.jpg?v=1755179790&width=1946","image/jpeg","200","OK","قابل للفهرسة","","","112","","https://dnmeg.com/cdn/shop/files/FullSizeRender_1ab3f7e1-f72a-4b1b-ba0a-ee97ceab17e8.jpg?v=1755179790&width=1946"
"https://dnmeg.com/cdn/shop/files/custom_resized_ef6a0e31-7c9f-48e7-b0a8-011b3c9c5ac1.png?v=1696831119&width=1946","image/png","200","OK","قابل للفهرسة","","","112","","https://dnmeg.com/cdn/shop/files/custom_resized_ef6a0e31-7c9f-48e7-b0a8-011b3c9c5ac1.png?v=1696831119&width=1946"
"https://dnmeg.com/cdn/shop/files/IMG-0214.jpg?v=1733068333&width=1946","image/jpeg","200","OK","قابل للفهرسة","","","69","","https://dnmeg.com/cdn/shop/files/IMG-0214.jpg?v=1733068333&width=1946"
"https://dnmeg.com/cdn/shop/files/BLACK_back_3.png?v=1755202281&width=1946","image/png","200","OK","قابل للفهرسة","","","73","","https://dnmeg.com/cdn/shop/files/BLACK_back_3.png?v=1755202281&width=1946"
"https://dnmeg.com/cdn/shop/files/265D47CF-7BFB-4DDC-B95D-4914637AD60E.jpg?v=1755195232&width=1946","image/jpeg","200","OK","قابل للفهرسة","","","97","","https://dnmeg.com/cdn/shop/files/265D47CF-7BFB-4DDC-B95D-4914637AD60E.jpg?v=1755195232&width=1946"
"https://dnmeg.com/cdn/shop/files/front_black_jeanss-l.png?v=1733075169&width=1445","image/png","200","OK","قابل للفهرسة","","","81","","https://dnmeg.com/cdn/shop/files/front_black_jeanss-l.png?v=1733075169&width=1445"
"https://dnmeg.com/cdn/shop/files/dnm-beanie.png?v=1703474614&width=1445","image/png","200","OK","قابل للفهرسة","","","71","","https://dnmeg.com/cdn/shop/files/dnm-beanie.png?v=1703474614&width=1445"
"https://dnmeg.com/cdn/shop/files/brown-back.png?v=1733086970&width=1946","image/png","200","OK","قابل للفهرسة","","","71","","https://dnmeg.com/cdn/shop/files/brown-back.png?v=1733086970&width=1946"
"https://dnmeg.com/cdn/shop/files/42213C81-8482-496A-8660-98A1EE0F8172.jpg?v=1755185053&width=1946","image/jpeg","200","OK","قابل للفهرسة","","","97","","https://dnmeg.com/cdn/shop/files/42213C81-8482-496A-8660-98A1EE0F8172.jpg?v=1755185053&width=1946"
"https://dnmeg.com/cdn/shop/files/66B0B6E5-0534-4F7B-9EFC-E732A5E1F50C.jpg?v=1755184976&width=1445","image/jpeg","200","OK","قابل للفهرسة","","","97","","https://dnmeg.com/cdn/shop/files/66B0B6E5-0534-4F7B-9EFC-E732A5E1F50C.jpg?v=1755184976&width=1445"
"https://dnmeg.com/cdn/shop/files/vintagefromt-web.png?v=1701342936&width=1946","image/png","200","OK","قابل للفهرسة","","","77","","https://dnmeg.com/cdn/shop/files/vintagefromt-web.png?v=1701342936&width=1946"
"https://dnmeg.com/cdn/shop/files/28260B4A-20AD-4C63-84DA-DED77E4DE4AA.jpg?v=1733066815&width=1445","image/jpeg","200","OK","قابل للفهرسة","","","97","","https://dnmeg.com/cdn/shop/files/28260B4A-20AD-4C63-84DA-DED77E4DE4AA.jpg?v=1733066815&width=1445"
"https://dnmeg.com/cdn/shop/files/front_jeansbb.png?v=1733074948&width=1946","image/png","200","OK","قابل للفهرسة","","","74","","https://dnmeg.com/cdn/shop/files/front_jeansbb.png?v=1733074948&width=1946"
"https://dnmeg.com/cdn/shop/files/back_jeanss-b.png?v=1733074929&width=1946","image/png","200","OK","قابل للفهرسة","","","74","","https://dnmeg.com/cdn/shop/files/back_jeanss-b.png?v=1733074929&width=1946"
"https://dnmeg.com/cdn/shop/files/FA74F49C-FABB-45B9-A6B6-400EB4D1A294.jpg?v=1755195232&width=1946","image/jpeg","200","OK","قابل للفهرسة","","","97","","https://dnmeg.com/cdn/shop/files/FA74F49C-FABB-45B9-A6B6-400EB4D1A294.jpg?v=1755195232&width=1946"
"https://dnmeg.com/cdn/shop/files/IMG-0212.jpg?v=1733068262&width=1445","image/jpeg","200","OK","قابل للفهرسة","","","69","","https://dnmeg.com/cdn/shop/files/IMG-0212.jpg?v=1733068262&width=1445"
"https://dnmeg.com/cdn/shop/files/ZIPUP-BLACK_1.png?v=1733086914&width=1445","image/png","200","OK","قابل للفهرسة","","","74","","https://dnmeg.com/cdn/shop/files/ZIPUP-BLACK_1.png?v=1733086914&width=1445"
"https://dnmeg.com/cdn/shop/files/IMG-0213_faf70204-e08a-4056-85e1-e6de841b896d.jpg?v=1733068235&width=1445","image/jpeg","200","OK","قابل للفهرسة","","","106","","https://dnmeg.com/cdn/shop/files/IMG-0213_faf70204-e08a-4056-85e1-e6de841b896d.jpg?v=1733068235&width=1445"
"https://dnmeg.com/cdn/shop/files/E3C10E95-519B-4BDB-97E6-AB9792757496.jpg?v=1755184976&width=1445","image/jpeg","200","OK","قابل للفهرسة","","","97","","https://dnmeg.com/cdn/shop/files/E3C10E95-519B-4BDB-97E6-AB9792757496.jpg?v=1755184976&width=1445"
"https://dnmeg.com/cdn/shop/files/FullSizeRender_4a6eaa06-0caf-4fba-a3a9-f830b1a314ec.jpg?v=1755180273&width=1445","image/jpeg","200","OK","قابل للفهرسة","","","112","","https://dnmeg.com/cdn/shop/files/FullSizeRender_4a6eaa06-0caf-4fba-a3a9-f830b1a314ec.jpg?v=1755180273&width=1445"
"https://dnmeg.com/cdn/shop/files/C9F38C96-5250-4F9A-BD06-5C15862D5772.jpg?v=1755202281&width=1445","image/jpeg","200","OK","قابل للفهرسة","","","97","","https://dnmeg.com/cdn/shop/files/C9F38C96-5250-4F9A-BD06-5C15862D5772.jpg?v=1755202281&width=1445"
"https://dnmeg.com/cdn/shop/files/keychain.png?v=1733163431&width=1946","image/png","200","OK","قابل للفهرسة","","","69","","https://dnmeg.com/cdn/shop/files/keychain.png?v=1733163431&width=1946"
"https://dnmeg.com/cdn/shop/files/black-back.png?v=1733077182&width=1445","image/png","200","OK","قابل للفهرسة","","","71","","https://dnmeg.com/cdn/shop/files/black-back.png?v=1733077182&width=1445"
"https://dnmeg.com/cdn/shop/files/B14935C7-F72A-45AE-BCC4-84A5B22CF629.jpg?v=1755184933&width=1445","image/jpeg","200","OK","قابل للفهرسة","","","97","","https://dnmeg.com/cdn/shop/files/B14935C7-F72A-45AE-BCC4-84A5B22CF629.jpg?v=1755184933&width=1445"
"https://dnmeg.com/cdn/shop/files/FullSizeRender_7199ef37-7315-46fe-a7c5-f400e2922f54.jpg?v=1755180305&width=1445","image/jpeg","200","OK","قابل للفهرسة","","","112","","https://dnmeg.com/cdn/shop/files/FullSizeRender_7199ef37-7315-46fe-a7c5-f400e2922f54.jpg?v=1755180305&width=1445"
"https://dnmeg.com/cdn/shop/files/7EBFD026-EC99-40BD-8A61-1B07DC3773CD.jpg?v=1733066642&width=1946","image/jpeg","200","OK","قابل للفهرسة","","","97","","https://dnmeg.com/cdn/shop/files/7EBFD026-EC99-40BD-8A61-1B07DC3773CD.jpg?v=1733066642&width=1946"
"https://dnmeg.com/cdn/shop/files/FullSizeRender.jpg?v=1755178948&width=1445","image/jpeg","200","OK","قابل للفهرسة","","","75","","https://dnmeg.com/cdn/shop/files/FullSizeRender.jpg?v=1755178948&width=1445"
"https://dnmeg.com/cdn/shop/files/70AB458E-2C97-4A65-A390-CEB193EFE99D.jpg?v=1733065724&width=1946","image/jpeg","200","OK","قابل للفهرسة","","","97","","https://dnmeg.com/cdn/shop/files/70AB458E-2C97-4A65-A390-CEB193EFE99D.jpg?v=1733065724&width=1946"
"https://dnmeg.com/cdn/shop/files/28260B4A-20AD-4C63-84DA-DED77E4DE4AA.jpg?v=1733066815&width=1946","image/jpeg","200","OK","قابل للفهرسة","","","97","","https://dnmeg.com/cdn/shop/files/28260B4A-20AD-4C63-84DA-DED77E4DE4AA.jpg?v=1733066815&width=1946"
"https://dnmeg.com/cdn/shop/files/9DD5D10E-9EFF-422C-9D41-810A9F6C8880.jpg?v=1733066642&width=1445","image/jpeg","200","OK","قابل للفهرسة","","","97","","https://dnmeg.com/cdn/shop/files/9DD5D10E-9EFF-422C-9D41-810A9F6C8880.jpg?v=1733066642&width=1445"
"https://dnmeg.com/cdn/shop/files/grey_ftont-s_949573b1-730b-4283-ab3b-9d3388775c28.png?v=1733075122&width=1445","image/png","200","OK","قابل للفهرسة","","","110","","https://dnmeg.com/cdn/shop/files/grey_ftont-s_949573b1-730b-4283-ab3b-9d3388775c28.png?v=1733075122&width=1445"
"https://dnmeg.com/cdn/shop/files/green-zip-back.png?v=1733077194&width=1946","image/png","200","OK","قابل للفهرسة","","","75","","https://dnmeg.com/cdn/shop/files/green-zip-back.png?v=1733077194&width=1946"
"https://dnmeg.com/cdn/shop/files/FullSizeRender_21434e33-39cd-4807-9016-5e03fe65bb17.jpg?v=1755179790&width=1946","image/jpeg","200","OK","قابل للفهرسة","","","112","","https://dnmeg.com/cdn/shop/files/FullSizeRender_21434e33-39cd-4807-9016-5e03fe65bb17.jpg?v=1755179790&width=1946"
"https://dnmeg.com/cdn/shop/files/CBD2A389-3610-46F1-98B7-F5A61F9B3ADA.jpg?v=1733066814&width=1445","image/jpeg","200","OK","قابل للفهرسة","","","97","","https://dnmeg.com/cdn/shop/files/CBD2A389-3610-46F1-98B7-F5A61F9B3ADA.jpg?v=1733066814&width=1445"
"https://dnmeg.com/cdn/shop/files/42213C81-8482-496A-8660-98A1EE0F8172.jpg?v=1755185053&width=1445","image/jpeg","200","OK","قابل للفهرسة","","","97","","https://dnmeg.com/cdn/shop/files/42213C81-8482-496A-8660-98A1EE0F8172.jpg?v=1755185053&width=1445"
"https://dnmeg.com/cdn/shop/files/FullSizeRender_a0c0803a-8957-4095-aefa-2deacb5c7c56.jpg?v=1755178985&width=1445","image/jpeg","200","OK","قابل للفهرسة","","","112","","https://dnmeg.com/cdn/shop/files/FullSizeRender_a0c0803a-8957-4095-aefa-2deacb5c7c56.jpg?v=1755178985&width=1445"
"https://dnmeg.com/cdn/shop/files/F712FEB0-98E6-4437-8A3B-D785AE1EDB51.jpg?v=1733066270&width=1445","image/jpeg","200","OK","قابل للفهرسة","","","97","","https://dnmeg.com/cdn/shop/files/F712FEB0-98E6-4437-8A3B-D785AE1EDB51.jpg?v=1733066270&width=1445"
"https://dnmeg.com/cdn/shop/files/grey_back-s_a95eaf0c-4b26-4991-9be2-72a342e8b524.png?v=1733075097&width=1445","image/png","200","OK","قابل للفهرسة","","","109","","https://dnmeg.com/cdn/shop/files/grey_back-s_a95eaf0c-4b26-4991-9be2-72a342e8b524.png?v=1733075097&width=1445"
"https://dnmeg.com/cdn/shop/files/FA74F49C-FABB-45B9-A6B6-400EB4D1A294.jpg?v=1755195232&width=1445","image/jpeg","200","OK","قابل للفهرسة","","","97","","https://dnmeg.com/cdn/shop/files/FA74F49C-FABB-45B9-A6B6-400EB4D1A294.jpg?v=1755195232&width=1445"
"https://dnmeg.com/cdn/shop/files/691E5B6D-21E7-45DF-90A1-3C133DCCFF2F.jpg?v=1755184976&width=1445","image/jpeg","200","OK","قابل للفهرسة","","","97","","https://dnmeg.com/cdn/shop/files/691E5B6D-21E7-45DF-90A1-3C133DCCFF2F.jpg?v=1755184976&width=1445"
"https://dnmeg.com/cdn/shop/files/5406D977-E565-4E3A-B287-DDDD8339FF90.jpg?v=1755195232&width=1946","image/jpeg","200","OK","قابل للفهرسة","","","97","","https://dnmeg.com/cdn/shop/files/5406D977-E565-4E3A-B287-DDDD8339FF90.jpg?v=1755195232&width=1946"
"https://dnmeg.com/cdn/shop/files/BLACK_FRONT_1.1.png?v=1755189562&width=1445","image/png","200","OK","قابل للفهرسة","","","76","","https://dnmeg.com/cdn/shop/files/BLACK_FRONT_1.1.png?v=1755189562&width=1445"
"https://dnmeg.com/cdn/shop/files/IMG-0210.jpg?v=1733067607&width=1445","image/jpeg","200","OK","قابل للفهرسة","","","69","","https://dnmeg.com/cdn/shop/files/IMG-0210.jpg?v=1733067607&width=1445"
"https://dnmeg.com/cdn/shop/files/CopyofDSC09948.jpg?v=1701346656&width=1946","image/jpeg","200","OK","قابل للفهرسة","","","75","","https://dnmeg.com/cdn/shop/files/CopyofDSC09948.jpg?v=1701346656&width=1946"
"https://dnmeg.com/cdn/shop/files/B47F912A-2089-4001-B5B2-79CF2B38D108.jpg?v=1755184976&width=1445","image/jpeg","200","OK","قابل للفهرسة","","","97","","https://dnmeg.com/cdn/shop/files/B47F912A-2089-4001-B5B2-79CF2B38D108.jpg?v=1755184976&width=1445"
"https://dnmeg.com/cdn/shop/files/EBCF0859-FAF7-42F0-83A2-94B68ACC931E.jpg?v=1755185052&width=1946","image/jpeg","200","OK","قابل للفهرسة","","","97","","https://dnmeg.com/cdn/shop/files/EBCF0859-FAF7-42F0-83A2-94B68ACC931E.jpg?v=1755185052&width=1946"
"https://dnmeg.com/cdn/shop/files/IMG-0212_ed0b5257-6e5d-4f39-818f-153c0891d81d.jpg?v=1733068280&width=1946","image/jpeg","200","OK","قابل للفهرسة","","","106","","https://dnmeg.com/cdn/shop/files/IMG-0212_ed0b5257-6e5d-4f39-818f-153c0891d81d.jpg?v=1733068280&width=1946"
"https://dnmeg.com/cdn/shop/files/42B743EF-0DCF-4260-906F-C85C51B61ED2.jpg?v=1733066270&width=1946","image/jpeg","200","OK","قابل للفهرسة","","","97","","https://dnmeg.com/cdn/shop/files/42B743EF-0DCF-4260-906F-C85C51B61ED2.jpg?v=1733066270&width=1946"
"https://dnmeg.com/cdn/shop/files/31445856-E11B-48BD-867C-75DF325B1ABA.jpg?v=1755202281&width=1445","image/jpeg","200","OK","قابل للفهرسة","","","97","","https://dnmeg.com/cdn/shop/files/31445856-E11B-48BD-867C-75DF325B1ABA.jpg?v=1755202281&width=1445"
"https://dnmeg.com/cdn/shop/files/back_black_jeans-l_b6d46591-c1d5-465e-bae8-890dc616deca.png?v=1733075323&width=1946","image/png","200","OK","قابل للفهرسة","","","116","","https://dnmeg.com/cdn/shop/files/back_black_jeans-l_b6d46591-c1d5-465e-bae8-890dc616deca.png?v=1733075323&width=1946"
"https://dnmeg.com/cdn/shop/files/FullSizeRender_6c110de2-9d5f-48b6-a08d-41b6be03e643.jpg?v=1755180367&width=1946","image/jpeg","200","OK","قابل للفهرسة","","","112","","https://dnmeg.com/cdn/shop/files/FullSizeRender_6c110de2-9d5f-48b6-a08d-41b6be03e643.jpg?v=1755180367&width=1946"
"https://dnmeg.com/cdn/shop/files/7F21BEBA-6748-4CDE-98FC-1E92663655FE.jpg?v=1733066059&width=1445","image/jpeg","200","OK","قابل للفهرسة","","","97","","https://dnmeg.com/cdn/shop/files/7F21BEBA-6748-4CDE-98FC-1E92663655FE.jpg?v=1733066059&width=1445"
"https://dnmeg.com/cdn/shop/files/9D6DEC15-4300-430B-959F-615260F090A6.jpg?v=1733065839&width=1445","image/jpeg","200","OK","قابل للفهرسة","","","97","","https://dnmeg.com/cdn/shop/files/9D6DEC15-4300-430B-959F-615260F090A6.jpg?v=1733065839&width=1445"
"https://dnmeg.com/cdn/shop/files/brown-front_ba1edbb2-9237-47ea-8968-a8b1d961ffda.png?v=1733088997&width=1445","image/png","200","OK","قابل للفهرسة","","","109","","https://dnmeg.com/cdn/shop/files/brown-front_ba1edbb2-9237-47ea-8968-a8b1d961ffda.png?v=1733088997&width=1445"
"https://dnmeg.com/cdn/shop/files/BLACK_BACK.png?v=1755195232&width=1445","image/png","200","OK","قابل للفهرسة","","","71","","https://dnmeg.com/cdn/shop/files/BLACK_BACK.png?v=1755195232&width=1445"
"https://dnmeg.com/cdn/shop/files/E3F74C0F-7D9F-4CBD-8361-63C293899F96.jpg?v=1733066158&width=1946","image/jpeg","200","OK","قابل للفهرسة","","","97","","https://dnmeg.com/cdn/shop/files/E3F74C0F-7D9F-4CBD-8361-63C293899F96.jpg?v=1733066158&width=1946"
"https://dnmeg.com/cdn/shop/files/green-front_eb52aec5-c932-41f5-af02-e7bcb2c8ed88.png?v=1733077198&width=1445","image/png","200","OK","قابل للفهرسة","","","109","","https://dnmeg.com/cdn/shop/files/green-front_eb52aec5-c932-41f5-af02-e7bcb2c8ed88.png?v=1733077198&width=1445"
"https://dnmeg.com/cdn/shop/files/3EA34C72-502D-4540-B5B5-91B8F2A5F005.jpg?v=1755184976&width=1445","image/jpeg","200","OK","قابل للفهرسة","","","97","","https://dnmeg.com/cdn/shop/files/3EA34C72-502D-4540-B5B5-91B8F2A5F005.jpg?v=1755184976&width=1445"
"https://dnmeg.com/cdn/shop/files/2F04329D-1A07-4C7B-9C0A-4FA7A981559F.jpg?v=1733066059&width=1445","image/jpeg","200","OK","قابل للفهرسة","","","97","","https://dnmeg.com/cdn/shop/files/2F04329D-1A07-4C7B-9C0A-4FA7A981559F.jpg?v=1733066059&width=1445"
"https://dnmeg.com/cdn/shop/files/3BD25690-1074-40DE-BF20-88827C1CD732.jpg?v=1733065724&width=1445","image/jpeg","200","OK","قابل للفهرسة","","","97","","https://dnmeg.com/cdn/shop/files/3BD25690-1074-40DE-BF20-88827C1CD732.jpg?v=1733065724&width=1445"
"https://dnmeg.com/cdn/shop/files/black-socks.png?v=1733161699&width=1445","image/png","200","OK","قابل للفهرسة","","","72","","https://dnmeg.com/cdn/shop/files/black-socks.png?v=1733161699&width=1445"
"https://dnmeg.com/cdn/shop/files/grey_back.png?v=1733086970&width=1445","image/png","200","OK","قابل للفهرسة","","","70","","https://dnmeg.com/cdn/shop/files/grey_back.png?v=1733086970&width=1445"
"https://dnmeg.com/cdn/shop/files/FA0CA690-8D57-4318-96AB-32A192CA7278.jpg?v=1733065839&width=1946","image/jpeg","200","OK","قابل للفهرسة","","","97","","https://dnmeg.com/cdn/shop/files/FA0CA690-8D57-4318-96AB-32A192CA7278.jpg?v=1733065839&width=1946"
"https://dnmeg.com/cdn/shop/files/989F8F4D-5495-4984-8AF3-5E437D14F841.jpg?v=1733066642&width=1946","image/jpeg","200","OK","قابل للفهرسة","","","97","","https://dnmeg.com/cdn/shop/files/989F8F4D-5495-4984-8AF3-5E437D14F841.jpg?v=1733066642&width=1946"
"https://dnmeg.com/cdn/shop/files/C82A7B82-A264-4730-B33E-CC61D5DD15B0.jpg?v=1733066270&width=1946","image/jpeg","200","OK","قابل للفهرسة","","","97","","https://dnmeg.com/cdn/shop/files/C82A7B82-A264-4730-B33E-CC61D5DD15B0.jpg?v=1733066270&width=1946"
"https://dnmeg.com/cdn/shop/files/blackk.png?v=1733163491&width=1946","image/png","200","OK","قابل للفهرسة","","","67","","https://dnmeg.com/cdn/shop/files/blackk.png?v=1733163491&width=1946"
"https://dnmeg.com/cdn/shop/files/grey_front_905a9188-8020-4967-b7bb-cabdb06c1e4d.png?v=1733088967&width=1445","image/png","200","OK","قابل للفهرسة","","","108","","https://dnmeg.com/cdn/shop/files/grey_front_905a9188-8020-4967-b7bb-cabdb06c1e4d.png?v=1733088967&width=1445"
"https://dnmeg.com/cdn/shop/files/FullSizeRender_670fbc21-d342-4fc1-8394-33d5e277b52b.jpg?v=1755179790&width=1946","image/jpeg","200","OK","قابل للفهرسة","","","112","","https://dnmeg.com/cdn/shop/files/FullSizeRender_670fbc21-d342-4fc1-8394-33d5e277b52b.jpg?v=1755179790&width=1946"
"https://dnmeg.com/cdn/shop/files/61AF8389-7E8E-4FD8-A9BE-DE37750BD0A7.jpg?v=1733067618&width=1445","image/jpeg","200","OK","قابل للفهرسة","","","97","","https://dnmeg.com/cdn/shop/files/61AF8389-7E8E-4FD8-A9BE-DE37750BD0A7.jpg?v=1733067618&width=1445"
"https://dnmeg.com/cdn/shop/files/076883D3-F151-4D8C-B1B3-FD28CF79990D.jpg?v=1755195232&width=1946","image/jpeg","200","OK","قابل للفهرسة","","","97","","https://dnmeg.com/cdn/shop/files/076883D3-F151-4D8C-B1B3-FD28CF79990D.jpg?v=1755195232&width=1946"
"https://dnmeg.com/cdn/shop/files/FullSizeRender_eb717a22-f990-4623-8368-4aa3189537d1.jpg?v=1755179790&width=1946","image/jpeg","200","OK","قابل للفهرسة","","","112","","https://dnmeg.com/cdn/shop/files/FullSizeRender_eb717a22-f990-4623-8368-4aa3189537d1.jpg?v=1755179790&width=1946"
"https://dnmeg.com/cdn/shop/files/pack.png?v=1733161659&width=1445","image/png","200","OK","قابل للفهرسة","","","65","","https://dnmeg.com/cdn/shop/files/pack.png?v=1733161659&width=1445"
"https://dnmeg.com/cdn/shop/files/5A277AF9-8B59-411E-8C46-55DEA047FB5D.jpg?v=1755184976&width=1946","image/jpeg","200","OK","قابل للفهرسة","","","97","","https://dnmeg.com/cdn/shop/files/5A277AF9-8B59-411E-8C46-55DEA047FB5D.jpg?v=1755184976&width=1946"
"https://dnmeg.com/cdn/shop/files/IMG-0213.jpg?v=1733068220&width=1445","image/jpeg","200","OK","قابل للفهرسة","","","69","","https://dnmeg.com/cdn/shop/files/IMG-0213.jpg?v=1733068220&width=1445"
"https://dnmeg.com/cdn/shop/files/A5DDB57B-FDF1-4123-A170-60DE61FD7277.jpg?v=1733065767&width=1946","image/jpeg","200","OK","قابل للفهرسة","","","97","","https://dnmeg.com/cdn/shop/files/A5DDB57B-FDF1-4123-A170-60DE61FD7277.jpg?v=1733065767&width=1946"
"https://dnmeg.com/cdn/shop/files/C79E7BB6-7770-4BCD-9C4C-994501F85188.jpg?v=1755202281&width=1445","image/jpeg","200","OK","قابل للفهرسة","","","97","","https://dnmeg.com/cdn/shop/files/C79E7BB6-7770-4BCD-9C4C-994501F85188.jpg?v=1755202281&width=1445"
"https://dnmeg.com/cdn/shop/files/0F87F246-D032-4FAF-90A5-CC7D76A43FAF.jpg?v=1733066059&width=1946","image/jpeg","200","OK","قابل للفهرسة","","","97","","https://dnmeg.com/cdn/shop/files/0F87F246-D032-4FAF-90A5-CC7D76A43FAF.jpg?v=1733066059&width=1946"
"https://dnmeg.com/cdn/shop/files/custom_resized_f821dbbd-749a-49e6-b67b-3bc376c91859.png?v=1755524904&width=1946","image/png","200","OK","قابل للفهرسة","","","112","","https://dnmeg.com/cdn/shop/files/custom_resized_f821dbbd-749a-49e6-b67b-3bc376c91859.png?v=1755524904&width=1946"
"https://dnmeg.com/cdn/shop/files/BLACK_FRONT_3.png?v=1755197870&width=1445","image/png","200","OK","قابل للفهرسة","","","74","","https://dnmeg.com/cdn/shop/files/BLACK_FRONT_3.png?v=1755197870&width=1445"
