"الرابط","نوع المحتوى","Size (bytes)","روابط داخله IMG","قابلية الأرشفة","حالة الأرشفة","الأبعاد"
"https://dnmeg.com/cdn/shop/files/star_back_pants.png?height=80&v=1732697331","image/png","3754","14","قابل للفهرسة","",""
"https://dnmeg.com/cdn/shop/files/speed_logo-ezgif.com-effects.gif?v=1732699176&width=600","image/gif","5296316","32","قابل للفهرسة","",""
"https://dnmeg.com/cdn/shop/files/g.jpg?v=1715449408&width=3840","image/jpeg","801260","1","قابل للفهرسة","",""
"https://dnmeg.com/cdn/shop/files/21-front.png?v=1717348025&width=533","image/png","179458","1","قابل للفهرسة","",""
"https://dnmeg.com/cdn/shop/files/21-back.png?v=1717348025&width=533","image/png","121791","1","قابل للفهرسة","",""
"https://dnmeg.com/cdn/shop/files/purple-white-face.png?v=1717344916&width=533","image/png","199216","1","قابل للفهرسة","",""
"https://dnmeg.com/cdn/shop/files/tee-back-p.png?v=1717345743&width=533","image/png","150606","1","قابل للفهرسة","",""
"https://dnmeg.com/cdn/shop/files/Artboard1_13f8eb19-b5c8-465f-9e97-97274fbc9122.png?v=1715271669&width=533","image/png","508547","2","قابل للفهرسة","",""
"https://dnmeg.com/cdn/shop/files/speed_logo-ezgif.com-effects.gif?v=1732699176","image/gif","5724406","1","قابل للفهرسة","",""
"https://dnmeg.com/cdn/shop/files/IMG-3688.png?v=1713780405&width=533","image/png","213378","2","قابل للفهرسة","",""
"https://dnmeg.com/cdn/shop/files/Artboard2.png?v=1715271670&width=533","image/png","555544","1","قابل للفهرسة","",""
"https://dnmeg.com/cdn/shop/files/pack.png?v=1733161659&width=533","image/png","162643","2","قابل للفهرسة","",""
"https://dnmeg.com/cdn/shop/files/BLACK_FRONT_3.png?v=1755197870&width=533","image/png","167532","1","قابل للفهرسة","",""
"https://dnmeg.com/cdn/shop/files/Artboard1_13f8eb19-b5c8-465f-9e97-97274fbc9122.png?v=1715271669&width=1445","image/png","4210107","1","قابل للفهرسة","",""
"https://dnmeg.com/cdn/shop/files/black-front.png?v=1733077186&width=533","image/png","109233","1","قابل للفهرسة","",""
"https://dnmeg.com/cdn/shop/files/21-front.png?v=1717348025&width=1946","image/png","2172720","1","قابل للفهرسة","",""
"https://dnmeg.com/cdn/shop/files/blackk.png?v=1733163491&width=533","image/png","68012","2","قابل للفهرسة","",""
"https://dnmeg.com/cdn/shop/files/front_jeansbb.png?v=1733074948&width=533","image/png","269843","3","قابل للفهرسة","",""
"https://dnmeg.com/cdn/shop/files/21-back.png?v=1717348025&width=1946","image/png","1768605","1","قابل للفهرسة","",""
"https://dnmeg.com/cdn/shop/files/BeanieMockup_17b37165-658a-4655-972c-ba73ebba5e77.png?v=1733161112&width=533","image/png","138855","1","قابل للفهرسة","",""
"https://dnmeg.com/cdn/shop/files/Artboard2.png?v=1715271670&width=1445","image/png","4603780","1","قابل للفهرسة","",""
"https://cdn.shopify.com/s/files/1/0772/6927/0819/files/website_size_chart_480x480.png?v=1695324672","image/png","347928","6","قابل للفهرسة","",""
"https://dnmeg.com/cdn/shop/files/FullSizeRender_670fbc21-d342-4fc1-8394-33d5e277b52b.jpg?v=1755179790&width=533","image/jpeg","48200","1","قابل للفهرسة","",""
"https://dnmeg.com/cdn/shop/files/tee-back-p.png?v=1717345743&width=1946","image/png","2100315","1","قابل للفهرسة","",""
"https://dnmeg.com/cdn/shop/files/keychain.png?v=1733163431&width=533","image/png","96177","2","قابل للفهرسة","",""
"https://dnmeg.com/cdn/shop/files/front_black_jeanss-l.png?v=1733075169&width=533","image/png","205253","3","قابل للفهرسة","",""
"https://dnmeg.com/cdn/shop/files/ZIPUP-BLACK-_2.png?v=1733089003&width=533","image/png","97983","1","قابل للفهرسة","",""
"https://dnmeg.com/cdn/shop/files/brown-front_ba1edbb2-9237-47ea-8968-a8b1d961ffda.png?v=1733088997&width=533","image/png","180461","1","قابل للفهرسة","",""
"https://dnmeg.com/cdn/shop/files/dnm-beanie.png?v=1703474614&width=533","image/png","85950","1","قابل للفهرسة","",""
"https://dnmeg.com/cdn/shop/files/purple-white-face.png?v=1717344916&width=1445","image/png","1341868","1","قابل للفهرسة","",""
"https://dnmeg.com/cdn/shop/files/custom_resized_ef6a0e31-7c9f-48e7-b0a8-011b3c9c5ac1.png?v=1696831119&width=533","image/png","130654","1","قابل للفهرسة","",""
"https://dnmeg.com/cdn/shop/files/grey_ftont-s_949573b1-730b-4283-ab3b-9d3388775c28.png?v=1733075122&width=533","image/png","212675","3","قابل للفهرسة","",""
"https://dnmeg.com/cdn/shop/files/vintagefromt-web.png?v=1701342936&width=533","image/png","493437","1","قابل للفهرسة","",""
"https://dnmeg.com/cdn/shop/files/Artboard1_13f8eb19-b5c8-465f-9e97-97274fbc9122.png?v=1715271669&width=1946","image/png","7255296","1","قابل للفهرسة","",""
"https://dnmeg.com/cdn/shop/files/FullSizeRender.jpg?v=1755178948&width=533","image/jpeg","36228","1","قابل للفهرسة","",""
"https://dnmeg.com/cdn/shop/files/grey_front_905a9188-8020-4967-b7bb-cabdb06c1e4d.png?v=1733088967&width=533","image/png","130330","1","قابل للفهرسة","",""
"https://dnmeg.com/cdn/shop/files/Artboard2.png?v=1715271670&width=1946","image/png","7916066","1","قابل للفهرسة","",""
"https://cdn.shopify.com/s/files/1/0772/6927/0819/files/WhatsApp_Image_2025-08-14_at_20.37.23_2ebb51c1.jpg?v=1755195420","image/jpeg","67252","20","قابل للفهرسة","",""
"https://dnmeg.com/cdn/shop/files/21-front.png?v=1717348025&width=1445","image/png","1197601","1","قابل للفهرسة","",""
"https://dnmeg.com/cdn/shop/files/tee-back-p.png?v=1717345743&width=1445","image/png","1119173","1","قابل للفهرسة","",""
"https://dnmeg.com/cdn/shop/files/green-front_eb52aec5-c932-41f5-af02-e7bcb2c8ed88.png?v=1733077198&width=533","image/png","179344","1","قابل للفهرسة","",""
"https://dnmeg.com/cdn/shop/files/FullSizeRender_a0c0803a-8957-4095-aefa-2deacb5c7c56.jpg?v=1755178985&width=533","image/jpeg","30331","1","قابل للفهرسة","",""
"https://dnmeg.com/cdn/shop/files/black-socks.png?v=1733161699&width=533","image/png","182537","2","قابل للفهرسة","",""
"https://dnmeg.com/cdn/shop/files/21-back.png?v=1717348025&width=1445","image/png","942232","1","قابل للفهرسة","",""
"https://dnmeg.com/cdn/shop/files/BLACK_FRONT_1.1.png?v=1755189562&width=533","image/png","179822","1","قابل للفهرسة","",""
"https://dnmeg.com/cdn/shop/files/white.png?v=1733163359&width=533","image/png","71095","2","قابل للفهرسة","",""
"https://dnmeg.com/cdn/shop/files/C9F38C96-5250-4F9A-BD06-5C15862D5772.jpg?v=1755202281&width=1946","image/jpeg","190566","1","قابل للفهرسة","",""
"https://dnmeg.com/cdn/shop/files/purple-white-face.png?v=1717344916&width=1946","image/png","2435735","1","قابل للفهرسة","",""
"https://dnmeg.com/cdn/shop/files/45CEFB9D-3BB4-442A-B652-CCEDB95BA166.jpg?v=1733066642&width=1445","image/jpeg","431416","1","قابل للفهرسة","",""
"https://dnmeg.com/cdn/shop/files/front_black_jeanss-l.png?v=1733075169&width=1946","image/png","2658730","1","قابل للفهرسة","",""
"https://dnmeg.com/cdn/shop/files/9FC5B8B6-508B-4D88-80CD-F15FC0F433B2.jpg?v=1733066642&width=1946","image/jpeg","845955","1","قابل للفهرسة","",""
"https://dnmeg.com/cdn/shop/files/E6BCED7C-33F0-4C2C-85A1-81CCB4C50F62.jpg?v=1733065839&width=1946","image/jpeg","856424","1","قابل للفهرسة","",""
"https://dnmeg.com/cdn/shop/files/674824E0-2B01-4B09-9013-B6C39D2A08B6.jpg?v=1733066642&width=1445","image/jpeg","377743","1","قابل للفهرسة","",""
"https://dnmeg.com/cdn/shop/files/B47F912A-2089-4001-B5B2-79CF2B38D108.jpg?v=1755184976&width=1946","image/jpeg","782402","1","قابل للفهرسة","",""
"https://dnmeg.com/cdn/shop/files/66B0B6E5-0534-4F7B-9EFC-E732A5E1F50C.jpg?v=1755184976&width=1946","image/jpeg","199977","1","قابل للفهرسة","",""
"https://dnmeg.com/cdn/shop/files/brown-back.png?v=1733086970&width=1445","image/png","913467","1","قابل للفهرسة","",""
"https://dnmeg.com/cdn/shop/files/vintagefromt-web.png?v=1701342936&width=1445","image/png","4116630","1","قابل للفهرسة","",""
"https://dnmeg.com/cdn/shop/files/back_jeanss-b.png?v=1733074929&width=1445","image/png","1943548","1","قابل للفهرسة","",""
"https://dnmeg.com/cdn/shop/files/265D47CF-7BFB-4DDC-B95D-4914637AD60E.jpg?v=1755195232&width=1445","image/jpeg","148371","1","قابل للفهرسة","",""
"https://dnmeg.com/cdn/shop/files/BLACK_FRONT_3.png?v=1755197870&width=1946","image/png","1949483","1","قابل للفهرسة","",""
"https://dnmeg.com/cdn/shop/files/ZIPUP-BLACK_1.png?v=1733086914&width=1946","image/png","734148","1","قابل للفهرسة","",""
"https://dnmeg.com/cdn/shop/files/6CF0788C-124B-42A8-A74F-67C036E933D1.jpg?v=1755184976&width=1946","image/jpeg","740969","1","قابل للفهرسة","",""
"https://dnmeg.com/cdn/shop/files/C79E7BB6-7770-4BCD-9C4C-994501F85188.jpg?v=1755202281&width=1946","image/jpeg","168124","1","قابل للفهرسة","",""
"https://dnmeg.com/cdn/shop/files/076883D3-F151-4D8C-B1B3-FD28CF79990D.jpg?v=1755195232&width=1445","image/jpeg","207715","1","قابل للفهرسة","",""
"https://dnmeg.com/cdn/shop/files/5A277AF9-8B59-411E-8C46-55DEA047FB5D.jpg?v=1755184976&width=1445","image/jpeg","209294","1","قابل للفهرسة","",""
"https://dnmeg.com/cdn/shop/files/pack.png?v=1733161659&width=1946","image/png","2029400","1","قابل للفهرسة","",""
"https://dnmeg.com/cdn/shop/files/B3B22AD6-87E8-4E7B-86E8-45D9E1A831F8.jpg?v=1755184976&width=1445","image/jpeg","450367","1","قابل للفهرسة","",""
"https://dnmeg.com/cdn/shop/files/black-back.png?v=1733077182&width=1946","image/png","818547","1","قابل للفهرسة","",""
"https://dnmeg.com/cdn/shop/files/CBD2A389-3610-46F1-98B7-F5A61F9B3ADA.jpg?v=1733066814&width=1946","image/jpeg","602344","1","قابل للفهرسة","",""
"https://dnmeg.com/cdn/shop/files/front_jeansbb.png?v=1733074948&width=1445","image/png","2119480","1","قابل للفهرسة","",""
"https://dnmeg.com/cdn/shop/files/black-front.png?v=1733077186&width=1946","image/png","857084","1","قابل للفهرسة","",""
"https://dnmeg.com/cdn/shop/files/white.png?v=1733163359&width=1445","image/png","499483","1","قابل للفهرسة","",""
"https://dnmeg.com/cdn/shop/files/FullSizeRender_c05629fd-03e7-4b3d-b1ef-d608840435cb.jpg?v=1755180329&width=1445","image/jpeg","206181","1","قابل للفهرسة","",""
"https://dnmeg.com/cdn/shop/files/D703E765-66C8-419C-8692-44994E871621.jpg?v=1733065839&width=1445","image/jpeg","409725","1","قابل للفهرسة","",""
"https://dnmeg.com/cdn/shop/files/9DD5D10E-9EFF-422C-9D41-810A9F6C8880.jpg?v=1733066642&width=1946","image/jpeg","742666","1","قابل للفهرسة","",""
"https://dnmeg.com/cdn/shop/files/grey_ftont-s_949573b1-730b-4283-ab3b-9d3388775c28.png?v=1733075122&width=1946","image/png","3555568","1","قابل للفهرسة","",""
"https://dnmeg.com/cdn/shop/files/BeanieMockup_17b37165-658a-4655-972c-ba73ebba5e77.png?v=1733161112&width=1946","image/png","1989446","1","قابل للفهرسة","",""
"https://dnmeg.com/cdn/shop/files/FullSizeRender_75bdab98-ed8c-4f83-9694-0f9758c5ef19.jpg?v=1755180346&width=1946","image/jpeg","137008","1","قابل للفهرسة","",""
"https://dnmeg.com/cdn/shop/files/7CA4C527-BD0A-4BEA-BBDE-9E1531017347.jpg?v=1733065724&width=1946","image/jpeg","782402","1","قابل للفهرسة","",""
"https://dnmeg.com/cdn/shop/files/94D88B4A-50D0-4492-9B52-38AD031763C3.jpg?v=1733066270&width=1946","image/jpeg","726822","1","قابل للفهرسة","",""
"https://dnmeg.com/cdn/shop/files/7EBFD026-EC99-40BD-8A61-1B07DC3773CD.jpg?v=1733066642&width=1445","image/jpeg","590470","1","قابل للفهرسة","",""
"https://dnmeg.com/cdn/shop/files/EF59A021-1D63-4B4F-B7E3-BBF78CA1DBBE.jpg?v=1733065724&width=1946","image/jpeg","645047","1","قابل للفهرسة","",""
"https://dnmeg.com/cdn/shop/files/DE8CFBAA-9412-4826-953E-C79E09544F7F.jpg?v=1733066059&width=1445","image/jpeg","468691","1","قابل للفهرسة","",""
"https://dnmeg.com/cdn/shop/files/F712FEB0-98E6-4437-8A3B-D785AE1EDB51.jpg?v=1733066270&width=1946","image/jpeg","743268","1","قابل للفهرسة","",""
"https://dnmeg.com/cdn/shop/files/vintageback-web.png?v=1701342936&width=1445","image/png","4247934","1","قابل للفهرسة","",""
"https://dnmeg.com/cdn/shop/files/299BA3C1-03D3-49F0-BC76-E955873A869B.jpg?v=1755202281&width=1445","image/jpeg","245096","1","قابل للفهرسة","",""
"https://dnmeg.com/cdn/shop/files/58D4778D-C3F3-4C75-BBB5-BF815989EA05.jpg?v=1755184976&width=1445","image/jpeg","460635","1","قابل للفهرسة","",""
"https://dnmeg.com/cdn/shop/files/FullSizeRender_2312e1a3-fc02-49ec-8375-45a9dffa6cbb.jpg?v=1755179790&width=1445","image/jpeg","491042","1","قابل للفهرسة","",""
"https://dnmeg.com/cdn/shop/files/IMG-0210.jpg?v=1733067607&width=1946","image/jpeg","1083762","1","قابل للفهرسة","",""
"https://dnmeg.com/cdn/shop/files/FullSizeRender_a0c0803a-8957-4095-aefa-2deacb5c7c56.jpg?v=1755178985&width=1946","image/jpeg","124413","1","قابل للفهرسة","",""
"https://dnmeg.com/cdn/shop/files/CopyofDSC09956.jpg?v=1701346656&width=1445","image/jpeg","492484","1","قابل للفهرسة","",""
"https://dnmeg.com/cdn/shop/files/FA6E42ED-0475-4202-A4E8-F957F54CA96F.jpg?v=1755185053&width=1946","image/jpeg","199039","1","قابل للفهرسة","",""
"https://dnmeg.com/cdn/shop/files/IMG-3688.png?v=1713780405&width=1445","image/png","1396627","1","قابل للفهرسة","",""
"https://dnmeg.com/cdn/shop/files/7B0961B5-F903-4A17-9F9C-16D7E448D1DA.jpg?v=1733066158&width=1946","image/jpeg","588929","1","قابل للفهرسة","",""
"https://dnmeg.com/cdn/shop/files/1509584D-D192-4170-88A9-94B0BD68DAD6.jpg?v=1755184976&width=1445","image/jpeg","390403","1","قابل للفهرسة","",""
"https://dnmeg.com/cdn/shop/files/custom_resized_ef6a0e31-7c9f-48e7-b0a8-011b3c9c5ac1.png?v=1696831119&width=1445","image/png","845388","1","قابل للفهرسة","",""
"https://dnmeg.com/cdn/shop/files/ZIPUP-BLACK-_2.png?v=1733089003&width=1946","image/png","827093","1","قابل للفهرسة","",""
"https://dnmeg.com/cdn/shop/files/7BBDBEFD-5ED7-4FF0-A193-30D9F8DBCBF2.jpg?v=1733066642&width=1445","image/jpeg","470250","1","قابل للفهرسة","",""
"https://dnmeg.com/cdn/shop/files/42B743EF-0DCF-4260-906F-C85C51B61ED2.jpg?v=1733066270&width=1445","image/jpeg","425220","1","قابل للفهرسة","",""
"https://dnmeg.com/cdn/shop/files/IMG-0214.jpg?v=1733068333&width=1445","image/jpeg","1063525","1","قابل للفهرسة","",""
"https://dnmeg.com/cdn/shop/files/D703E765-66C8-419C-8692-44994E871621.jpg?v=1733065839&width=1946","image/jpeg","726822","1","قابل للفهرسة","",""
"https://dnmeg.com/cdn/shop/files/FullSizeRender_6c110de2-9d5f-48b6-a08d-41b6be03e643.jpg?v=1755180367&width=1445","image/jpeg","138289","1","قابل للفهرسة","",""
"https://dnmeg.com/cdn/shop/files/EBCF0859-FAF7-42F0-83A2-94B68ACC931E.jpg?v=1755185052&width=1445","image/jpeg","146907","1","قابل للفهرسة","",""
"https://dnmeg.com/cdn/shop/files/FullSizeRender_1ab3f7e1-f72a-4b1b-ba0a-ee97ceab17e8.jpg?v=1755179790&width=1445","image/jpeg","161722","1","قابل للفهرسة","",""
"https://dnmeg.com/cdn/shop/files/grey_back.png?v=1733086970&width=1946","image/png","977105","1","قابل للفهرسة","",""
"https://dnmeg.com/cdn/shop/files/BeanieMockup_17b37165-658a-4655-972c-ba73ebba5e77.png?v=1733161112&width=1445","image/png","1161140","1","قابل للفهرسة","",""
"https://dnmeg.com/cdn/shop/files/E3C10E95-519B-4BDB-97E6-AB9792757496.jpg?v=1755184976&width=1946","image/jpeg","725086","1","قابل للفهرسة","",""
"https://dnmeg.com/cdn/shop/files/vintageback-web.png?v=1701342936&width=1946","image/png","7619989","1","قابل للفهرسة","",""
"https://dnmeg.com/cdn/shop/files/3BD25690-1074-40DE-BF20-88827C1CD732.jpg?v=1733065724&width=1946","image/jpeg","675422","1","قابل للفهرسة","",""
"https://dnmeg.com/cdn/shop/files/dnm-beanie.png?v=1703474614&width=1946","image/png","1203691","1","قابل للفهرسة","",""
"https://dnmeg.com/cdn/shop/files/IMG-0212.jpg?v=1733068262&width=1946","image/jpeg","770224","1","قابل للفهرسة","",""
"https://dnmeg.com/cdn/shop/files/691E5B6D-21E7-45DF-90A1-3C133DCCFF2F.jpg?v=1755184976&width=1946","image/jpeg","704107","1","قابل للفهرسة","",""
"https://dnmeg.com/cdn/shop/files/green-front_eb52aec5-c932-41f5-af02-e7bcb2c8ed88.png?v=1733077198&width=1946","image/png","1674948","1","قابل للفهرسة","",""
"https://dnmeg.com/cdn/shop/files/FullSizeRender_670fbc21-d342-4fc1-8394-33d5e277b52b.jpg?v=1755179790&width=1445","image/jpeg","197954","1","قابل للفهرسة","",""
"https://dnmeg.com/cdn/shop/files/E3F74C0F-7D9F-4CBD-8361-63C293899F96.jpg?v=1733066158&width=1445","image/jpeg","425220","1","قابل للفهرسة","",""
"https://dnmeg.com/cdn/shop/files/FA0CA690-8D57-4318-96AB-32A192CA7278.jpg?v=1733065839&width=1445","image/jpeg","185099","1","قابل للفهرسة","",""
"https://dnmeg.com/cdn/shop/files/FullSizeRender_eb717a22-f990-4623-8368-4aa3189537d1.jpg?v=1755179790&width=1445","image/jpeg","194431","1","قابل للفهرسة","",""
"https://dnmeg.com/cdn/shop/files/C82A7B82-A264-4730-B33E-CC61D5DD15B0.jpg?v=1733066270&width=1445","image/jpeg","409658","1","قابل للفهرسة","",""
"https://dnmeg.com/cdn/shop/files/61AF8389-7E8E-4FD8-A9BE-DE37750BD0A7.jpg?v=1733067618&width=1946","image/jpeg","329481","1","قابل للفهرسة","",""
"https://dnmeg.com/cdn/shop/files/989F8F4D-5495-4984-8AF3-5E437D14F841.jpg?v=1733066642&width=1445","image/jpeg","371052","1","قابل للفهرسة","",""
"https://dnmeg.com/cdn/shop/files/58D4778D-C3F3-4C75-BBB5-BF815989EA05.jpg?v=1755184976&width=1946","image/jpeg","861139","1","قابل للفهرسة","",""
"https://dnmeg.com/cdn/shop/files/DE8CFBAA-9412-4826-953E-C79E09544F7F.jpg?v=1733066059&width=1946","image/jpeg","845955","1","قابل للفهرسة","",""
"https://dnmeg.com/cdn/shop/files/FA6E42ED-0475-4202-A4E8-F957F54CA96F.jpg?v=1755185053&width=1445","image/jpeg","199039","1","قابل للفهرسة","",""
"https://dnmeg.com/cdn/shop/files/blackk.png?v=1733163491&width=1445","image/png","503604","1","قابل للفهرسة","",""
"https://dnmeg.com/cdn/shop/files/BLACK_back_3.png?v=1755202281&width=1445","image/png","1101720","1","قابل للفهرسة","",""
"https://dnmeg.com/cdn/shop/files/EF59A021-1D63-4B4F-B7E3-BBF78CA1DBBE.jpg?v=1733065724&width=1445","image/jpeg","371165","1","قابل للفهرسة","",""
"https://dnmeg.com/cdn/shop/files/BLACK_BACK.png?v=1755195232&width=1946","image/png","2030196","1","قابل للفهرسة","",""
"https://dnmeg.com/cdn/shop/files/FullSizeRender_2312e1a3-fc02-49ec-8375-45a9dffa6cbb.jpg?v=1755179790&width=1946","image/jpeg","491042","1","قابل للفهرسة","",""
"https://dnmeg.com/cdn/shop/files/7BBDBEFD-5ED7-4FF0-A193-30D9F8DBCBF2.jpg?v=1733066642&width=1946","image/jpeg","852622","1","قابل للفهرسة","",""
"https://dnmeg.com/cdn/shop/files/A5DDB57B-FDF1-4123-A170-60DE61FD7277.jpg?v=1733065767&width=1445","image/jpeg","458434","1","قابل للفهرسة","",""
"https://dnmeg.com/cdn/shop/files/FullSizeRender_4a6eaa06-0caf-4fba-a3a9-f830b1a314ec.jpg?v=1755180273&width=1946","image/jpeg","101765","1","قابل للفهرسة","",""
"https://dnmeg.com/cdn/shop/files/grey_front_905a9188-8020-4967-b7bb-cabdb06c1e4d.png?v=1733088967&width=1946","image/png","1104324","1","قابل للفهرسة","",""
"https://dnmeg.com/cdn/shop/files/IMG-0213_faf70204-e08a-4056-85e1-e6de841b896d.jpg?v=1733068235&width=1946","image/jpeg","811479","1","قابل للفهرسة","",""
"https://dnmeg.com/cdn/shop/files/custom_resized_f821dbbd-749a-49e6-b67b-3bc376c91859.png?v=1755524904&width=1445","image/png","570969","1","قابل للفهرسة","",""
"https://dnmeg.com/cdn/shop/files/0F87F246-D032-4FAF-90A5-CC7D76A43FAF.jpg?v=1733066059&width=1445","image/jpeg","470250","1","قابل للفهرسة","",""
"https://dnmeg.com/cdn/shop/files/IMG-0213.jpg?v=1733068220&width=1946","image/jpeg","811479","1","قابل للفهرسة","",""
"https://dnmeg.com/cdn/shop/files/CopyofDSC09948.jpg?v=1701346656&width=1445","image/jpeg","227479","1","قابل للفهرسة","",""
"https://dnmeg.com/cdn/shop/files/keychain.png?v=1733163431&width=1445","image/png","427077","1","قابل للفهرسة","",""
"https://dnmeg.com/cdn/shop/files/FullSizeRender_7199ef37-7315-46fe-a7c5-f400e2922f54.jpg?v=1755180305&width=1946","image/jpeg","150446","1","قابل للفهرسة","",""
"https://dnmeg.com/cdn/shop/files/FullSizeRender_21434e33-39cd-4807-9016-5e03fe65bb17.jpg?v=1755179790&width=1445","image/jpeg","178326","1","قابل للفهرسة","",""
"https://dnmeg.com/cdn/shop/files/674824E0-2B01-4B09-9013-B6C39D2A08B6.jpg?v=1733066642&width=1946","image/jpeg","604381","1","قابل للفهرسة","",""
"https://dnmeg.com/cdn/shop/files/E6BCED7C-33F0-4C2C-85A1-81CCB4C50F62.jpg?v=1733065839&width=1445","image/jpeg","464650","1","قابل للفهرسة","",""
"https://dnmeg.com/cdn/shop/files/FullSizeRender.jpg?v=1755178948&width=1946","image/jpeg","151465","1","قابل للفهرسة","",""
"https://dnmeg.com/cdn/shop/files/45CEFB9D-3BB4-442A-B652-CCEDB95BA166.jpg?v=1733066642&width=1946","image/jpeg","728044","1","قابل للفهرسة","",""
"https://dnmeg.com/cdn/shop/files/FullSizeRender_094d514c-fe18-45b0-904d-13bcabecd5c8.jpg?v=1755195232&width=1445","image/jpeg","223339","1","قابل للفهرسة","",""
"https://dnmeg.com/cdn/shop/files/6B89FCFA-ADD5-47C3-A3D5-DC2C5A0AFFA2.jpg?v=1755185052&width=1445","image/jpeg","177625","1","قابل للفهرسة","",""
"https://dnmeg.com/cdn/shop/files/9FC5B8B6-508B-4D88-80CD-F15FC0F433B2.jpg?v=1733066642&width=1445","image/jpeg","468691","1","قابل للفهرسة","",""
"https://dnmeg.com/cdn/shop/files/B14935C7-F72A-45AE-BCC4-84A5B22CF629.jpg?v=1755184933&width=1946","image/jpeg","146702","1","قابل للفهرسة","",""
"https://dnmeg.com/cdn/shop/files/grey_back-s_a95eaf0c-4b26-4991-9be2-72a342e8b524.png?v=1733075097&width=1946","image/png","2978037","1","قابل للفهرسة","",""
"https://dnmeg.com/cdn/shop/files/3EA34C72-502D-4540-B5B5-91B8F2A5F005.jpg?v=1755184976&width=1946","image/jpeg","675422","1","قابل للفهرسة","",""
"https://dnmeg.com/cdn/shop/files/0CDBE10F-2303-4F62-A02B-E22CA333CD1B.jpg?v=1733066158&width=1946","image/jpeg","743268","1","قابل للفهرسة","",""
"https://dnmeg.com/cdn/shop/files/70AB458E-2C97-4A65-A390-CEB193EFE99D.jpg?v=1733065724&width=1445","image/jpeg","369459","1","قابل للفهرسة","",""
"https://dnmeg.com/cdn/shop/files/custom_resized_be2ce926-cedf-4b50-8d46-97fbf27f2140.png?v=1696831660&width=1445","image/png","499645","1","قابل للفهرسة","",""
"https://dnmeg.com/cdn/shop/files/BLACK_FRONT_1.1.png?v=1755189562&width=1946","image/png","2573043","1","قابل للفهرسة","",""
"https://dnmeg.com/cdn/shop/files/FullSizeRender_23e41e53-211b-4558-b6d9-2781a8422f9a.jpg?v=1755180310&width=1445","image/jpeg","144174","1","قابل للفهرسة","",""
"https://dnmeg.com/cdn/shop/files/black-socks.png?v=1733161699&width=1946","image/png","2354095","1","قابل للفهرسة","",""
"https://dnmeg.com/cdn/shop/files/2F04329D-1A07-4C7B-9C0A-4FA7A981559F.jpg?v=1733066059&width=1946","image/jpeg","700206","1","قابل للفهرسة","",""
"https://dnmeg.com/cdn/shop/files/6CF0788C-124B-42A8-A74F-67C036E933D1.jpg?v=1755184976&width=1445","image/jpeg","442444","1","قابل للفهرسة","",""
"https://dnmeg.com/cdn/shop/files/9D6DEC15-4300-430B-959F-615260F090A6.jpg?v=1733065839&width=1946","image/jpeg","475436","1","قابل للفهرسة","",""
"https://dnmeg.com/cdn/shop/files/IMG-0212_ed0b5257-6e5d-4f39-818f-153c0891d81d.jpg?v=1733068280&width=1445","image/jpeg","465268","1","قابل للفهرسة","",""
"https://dnmeg.com/cdn/shop/files/5406D977-E565-4E3A-B287-DDDD8339FF90.jpg?v=1755195232&width=1445","image/jpeg","183513","1","قابل للفهرسة","",""
"https://dnmeg.com/cdn/shop/files/1509584D-D192-4170-88A9-94B0BD68DAD6.jpg?v=1755184976&width=1946","image/jpeg","630405","1","قابل للفهرسة","",""
"https://dnmeg.com/cdn/shop/files/green-zip-back.png?v=1733077194&width=1445","image/png","905932","1","قابل للفهرسة","",""
"https://dnmeg.com/cdn/shop/files/black-front.png?v=1733077186&width=1445","image/png","535095","1","قابل للفهرسة","",""
"https://dnmeg.com/cdn/shop/files/back_black_jeans-l_b6d46591-c1d5-465e-bae8-890dc616deca.png?v=1733075323&width=1445","image/png","1286416","1","قابل للفهرسة","",""
"https://dnmeg.com/cdn/shop/files/brown-front_ba1edbb2-9237-47ea-8968-a8b1d961ffda.png?v=1733088997&width=1946","image/png","1702974","1","قابل للفهرسة","",""
"https://dnmeg.com/cdn/shop/files/FullSizeRender_094d514c-fe18-45b0-904d-13bcabecd5c8.jpg?v=1755195232&width=1946","image/jpeg","223339","1","قابل للفهرسة","",""
"https://dnmeg.com/cdn/shop/files/31445856-E11B-48BD-867C-75DF325B1ABA.jpg?v=1755202281&width=1946","image/jpeg","195177","1","قابل للفهرسة","",""
"https://dnmeg.com/cdn/shop/files/IMG-3688.png?v=1713780405&width=1946","image/png","2452984","1","قابل للفهرسة","",""
"https://dnmeg.com/cdn/shop/files/0CDBE10F-2303-4F62-A02B-E22CA333CD1B.jpg?v=1733066158&width=1445","image/jpeg","450152","1","قابل للفهرسة","",""
"https://dnmeg.com/cdn/shop/files/FullSizeRender_75bdab98-ed8c-4f83-9694-0f9758c5ef19.jpg?v=1755180346&width=1445","image/jpeg","137008","1","قابل للفهرسة","",""
"https://dnmeg.com/cdn/shop/files/B3B22AD6-87E8-4E7B-86E8-45D9E1A831F8.jpg?v=1755184976&width=1946","image/jpeg","450367","1","قابل للفهرسة","",""
"https://dnmeg.com/cdn/shop/files/6B89FCFA-ADD5-47C3-A3D5-DC2C5A0AFFA2.jpg?v=1755185052&width=1946","image/jpeg","177625","1","قابل للفهرسة","",""
"https://dnmeg.com/cdn/shop/files/white.png?v=1733163359&width=1946","image/png","876408","1","قابل للفهرسة","",""
"https://dnmeg.com/cdn/shop/files/FullSizeRender_c05629fd-03e7-4b3d-b1ef-d608840435cb.jpg?v=1755180329&width=1946","image/jpeg","206181","1","قابل للفهرسة","",""
"https://dnmeg.com/cdn/shop/files/7CA4C527-BD0A-4BEA-BBDE-9E1531017347.jpg?v=1733065724&width=1445","image/jpeg","426572","1","قابل للفهرسة","",""
"https://dnmeg.com/cdn/shop/files/299BA3C1-03D3-49F0-BC76-E955873A869B.jpg?v=1755202281&width=1946","image/jpeg","245096","1","قابل للفهرسة","",""
"https://dnmeg.com/cdn/shop/files/CopyofDSC09956.jpg?v=1701346656&width=1946","image/jpeg","854003","1","قابل للفهرسة","",""
"https://dnmeg.com/cdn/shop/files/94D88B4A-50D0-4492-9B52-38AD031763C3.jpg?v=1733066270&width=1445","image/jpeg","409725","1","قابل للفهرسة","",""
"https://dnmeg.com/cdn/shop/files/FullSizeRender_23e41e53-211b-4558-b6d9-2781a8422f9a.jpg?v=1755180310&width=1946","image/jpeg","144174","1","قابل للفهرسة","",""
"https://dnmeg.com/cdn/shop/files/7B0961B5-F903-4A17-9F9C-16D7E448D1DA.jpg?v=1733066158&width=1445","image/jpeg","309692","1","قابل للفهرسة","",""
"https://dnmeg.com/cdn/shop/files/ZIPUP-BLACK-_2.png?v=1733089003&width=1445","image/png","504351","1","قابل للفهرسة","",""
"https://dnmeg.com/cdn/shop/files/7F21BEBA-6748-4CDE-98FC-1E92663655FE.jpg?v=1733066059&width=1946","image/jpeg","704714","1","قابل للفهرسة","",""
"https://dnmeg.com/cdn/shop/files/FullSizeRender_1ab3f7e1-f72a-4b1b-ba0a-ee97ceab17e8.jpg?v=1755179790&width=1946","image/jpeg","161722","1","قابل للفهرسة","",""
"https://dnmeg.com/cdn/shop/files/custom_resized_ef6a0e31-7c9f-48e7-b0a8-011b3c9c5ac1.png?v=1696831119&width=1946","image/png","1414033","1","قابل للفهرسة","",""
"https://dnmeg.com/cdn/shop/files/IMG-0214.jpg?v=1733068333&width=1946","image/jpeg","1777858","1","قابل للفهرسة","",""
"https://dnmeg.com/cdn/shop/files/BLACK_back_3.png?v=1755202281&width=1946","image/png","1857022","1","قابل للفهرسة","",""
"https://dnmeg.com/cdn/shop/files/265D47CF-7BFB-4DDC-B95D-4914637AD60E.jpg?v=1755195232&width=1946","image/jpeg","148371","1","قابل للفهرسة","",""
"https://dnmeg.com/cdn/shop/files/front_black_jeanss-l.png?v=1733075169&width=1445","image/png","1533004","1","قابل للفهرسة","",""
"https://dnmeg.com/cdn/shop/files/dnm-beanie.png?v=1703474614&width=1445","image/png","732478","1","قابل للفهرسة","",""
"https://dnmeg.com/cdn/shop/files/brown-back.png?v=1733086970&width=1946","image/png","1474520","1","قابل للفهرسة","",""
"https://dnmeg.com/cdn/shop/files/42213C81-8482-496A-8660-98A1EE0F8172.jpg?v=1755185053&width=1946","image/jpeg","200233","1","قابل للفهرسة","",""
"https://dnmeg.com/cdn/shop/files/66B0B6E5-0534-4F7B-9EFC-E732A5E1F50C.jpg?v=1755184976&width=1445","image/jpeg","199977","1","قابل للفهرسة","",""
"https://dnmeg.com/cdn/shop/files/vintagefromt-web.png?v=1701342936&width=1946","image/png","7397551","1","قابل للفهرسة","",""
"https://dnmeg.com/cdn/shop/files/28260B4A-20AD-4C63-84DA-DED77E4DE4AA.jpg?v=1733066815&width=1445","image/jpeg","281342","1","قابل للفهرسة","",""
"https://dnmeg.com/cdn/shop/files/front_jeansbb.png?v=1733074948&width=1946","image/png","4004630","1","قابل للفهرسة","",""
"https://dnmeg.com/cdn/shop/files/back_jeanss-b.png?v=1733074929&width=1946","image/png","3560419","1","قابل للفهرسة","",""
"https://dnmeg.com/cdn/shop/files/FA74F49C-FABB-45B9-A6B6-400EB4D1A294.jpg?v=1755195232&width=1946","image/jpeg","257736","1","قابل للفهرسة","",""
"https://dnmeg.com/cdn/shop/files/IMG-0212.jpg?v=1733068262&width=1445","image/jpeg","465268","1","قابل للفهرسة","",""
"https://dnmeg.com/cdn/shop/files/ZIPUP-BLACK_1.png?v=1733086914&width=1445","image/png","459642","1","قابل للفهرسة","",""
"https://dnmeg.com/cdn/shop/files/IMG-0213_faf70204-e08a-4056-85e1-e6de841b896d.jpg?v=1733068235&width=1445","image/jpeg","496755","1","قابل للفهرسة","",""
"https://dnmeg.com/cdn/shop/files/E3C10E95-519B-4BDB-97E6-AB9792757496.jpg?v=1755184976&width=1445","image/jpeg","433313","1","قابل للفهرسة","",""
"https://dnmeg.com/cdn/shop/files/FullSizeRender_4a6eaa06-0caf-4fba-a3a9-f830b1a314ec.jpg?v=1755180273&width=1445","image/jpeg","101765","1","قابل للفهرسة","",""
"https://dnmeg.com/cdn/shop/files/C9F38C96-5250-4F9A-BD06-5C15862D5772.jpg?v=1755202281&width=1445","image/jpeg","190566","1","قابل للفهرسة","",""
"https://dnmeg.com/cdn/shop/files/keychain.png?v=1733163431&width=1946","image/png","655670","1","قابل للفهرسة","",""
"https://dnmeg.com/cdn/shop/files/black-back.png?v=1733077182&width=1445","image/png","517993","1","قابل للفهرسة","",""
"https://dnmeg.com/cdn/shop/files/B14935C7-F72A-45AE-BCC4-84A5B22CF629.jpg?v=1755184933&width=1445","image/jpeg","146702","1","قابل للفهرسة","",""
"https://dnmeg.com/cdn/shop/files/FullSizeRender_7199ef37-7315-46fe-a7c5-f400e2922f54.jpg?v=1755180305&width=1445","image/jpeg","150446","1","قابل للفهرسة","",""
"https://dnmeg.com/cdn/shop/files/7EBFD026-EC99-40BD-8A61-1B07DC3773CD.jpg?v=1733066642&width=1946","image/jpeg","1118767","1","قابل للفهرسة","",""
"https://dnmeg.com/cdn/shop/files/FullSizeRender.jpg?v=1755178948&width=1445","image/jpeg","151465","1","قابل للفهرسة","",""
"https://dnmeg.com/cdn/shop/files/70AB458E-2C97-4A65-A390-CEB193EFE99D.jpg?v=1733065724&width=1946","image/jpeg","664883","1","قابل للفهرسة","",""
"https://dnmeg.com/cdn/shop/files/28260B4A-20AD-4C63-84DA-DED77E4DE4AA.jpg?v=1733066815&width=1946","image/jpeg","542826","1","قابل للفهرسة","",""
"https://dnmeg.com/cdn/shop/files/9DD5D10E-9EFF-422C-9D41-810A9F6C8880.jpg?v=1733066642&width=1445","image/jpeg","440636","1","قابل للفهرسة","",""
"https://dnmeg.com/cdn/shop/files/grey_ftont-s_949573b1-730b-4283-ab3b-9d3388775c28.png?v=1733075122&width=1445","image/png","1870614","1","قابل للفهرسة","",""
"https://dnmeg.com/cdn/shop/files/green-zip-back.png?v=1733077194&width=1946","image/png","1478796","1","قابل للفهرسة","",""
"https://dnmeg.com/cdn/shop/files/FullSizeRender_21434e33-39cd-4807-9016-5e03fe65bb17.jpg?v=1755179790&width=1946","image/jpeg","178326","1","قابل للفهرسة","",""
"https://dnmeg.com/cdn/shop/files/CBD2A389-3610-46F1-98B7-F5A61F9B3ADA.jpg?v=1733066814&width=1445","image/jpeg","290338","1","قابل للفهرسة","",""
"https://dnmeg.com/cdn/shop/files/42213C81-8482-496A-8660-98A1EE0F8172.jpg?v=1755185053&width=1445","image/jpeg","200233","1","قابل للفهرسة","",""
"https://dnmeg.com/cdn/shop/files/FullSizeRender_a0c0803a-8957-4095-aefa-2deacb5c7c56.jpg?v=1755178985&width=1445","image/jpeg","124413","1","قابل للفهرسة","",""
"https://dnmeg.com/cdn/shop/files/F712FEB0-98E6-4437-8A3B-D785AE1EDB51.jpg?v=1733066270&width=1445","image/jpeg","450152","1","قابل للفهرسة","",""
"https://dnmeg.com/cdn/shop/files/grey_back-s_a95eaf0c-4b26-4991-9be2-72a342e8b524.png?v=1733075097&width=1445","image/png","1638419","1","قابل للفهرسة","",""
"https://dnmeg.com/cdn/shop/files/FA74F49C-FABB-45B9-A6B6-400EB4D1A294.jpg?v=1755195232&width=1445","image/jpeg","257736","1","قابل للفهرسة","",""
"https://dnmeg.com/cdn/shop/files/691E5B6D-21E7-45DF-90A1-3C133DCCFF2F.jpg?v=1755184976&width=1445","image/jpeg","388570","1","قابل للفهرسة","",""
"https://dnmeg.com/cdn/shop/files/5406D977-E565-4E3A-B287-DDDD8339FF90.jpg?v=1755195232&width=1946","image/jpeg","183513","1","قابل للفهرسة","",""
"https://dnmeg.com/cdn/shop/files/BLACK_FRONT_1.1.png?v=1755189562&width=1445","image/png","1441734","1","قابل للفهرسة","",""
"https://dnmeg.com/cdn/shop/files/IMG-0210.jpg?v=1733067607&width=1445","image/jpeg","581555","1","قابل للفهرسة","",""
"https://dnmeg.com/cdn/shop/files/CopyofDSC09948.jpg?v=1701346656&width=1946","image/jpeg","381264","1","قابل للفهرسة","",""
"https://dnmeg.com/cdn/shop/files/B47F912A-2089-4001-B5B2-79CF2B38D108.jpg?v=1755184976&width=1445","image/jpeg","426572","1","قابل للفهرسة","",""
"https://dnmeg.com/cdn/shop/files/EBCF0859-FAF7-42F0-83A2-94B68ACC931E.jpg?v=1755185052&width=1946","image/jpeg","146907","1","قابل للفهرسة","",""
"https://dnmeg.com/cdn/shop/files/IMG-0212_ed0b5257-6e5d-4f39-818f-153c0891d81d.jpg?v=1733068280&width=1946","image/jpeg","770224","1","قابل للفهرسة","",""
"https://dnmeg.com/cdn/shop/files/42B743EF-0DCF-4260-906F-C85C51B61ED2.jpg?v=1733066270&width=1946","image/jpeg","692055","1","قابل للفهرسة","",""
"https://dnmeg.com/cdn/shop/files/31445856-E11B-48BD-867C-75DF325B1ABA.jpg?v=1755202281&width=1445","image/jpeg","195177","1","قابل للفهرسة","",""
"https://dnmeg.com/cdn/shop/files/back_black_jeans-l_b6d46591-c1d5-465e-bae8-890dc616deca.png?v=1733075323&width=1946","image/png","2254844","1","قابل للفهرسة","",""
"https://dnmeg.com/cdn/shop/files/FullSizeRender_6c110de2-9d5f-48b6-a08d-41b6be03e643.jpg?v=1755180367&width=1946","image/jpeg","138289","1","قابل للفهرسة","",""
"https://dnmeg.com/cdn/shop/files/7F21BEBA-6748-4CDE-98FC-1E92663655FE.jpg?v=1733066059&width=1445","image/jpeg","431605","1","قابل للفهرسة","",""
"https://dnmeg.com/cdn/shop/files/9D6DEC15-4300-430B-959F-615260F090A6.jpg?v=1733065839&width=1445","image/jpeg","231047","1","قابل للفهرسة","",""
"https://dnmeg.com/cdn/shop/files/brown-front_ba1edbb2-9237-47ea-8968-a8b1d961ffda.png?v=1733088997&width=1445","image/png","1027693","1","قابل للفهرسة","",""
"https://dnmeg.com/cdn/shop/files/BLACK_BACK.png?v=1755195232&width=1445","image/png","1171251","1","قابل للفهرسة","",""
"https://dnmeg.com/cdn/shop/files/E3F74C0F-7D9F-4CBD-8361-63C293899F96.jpg?v=1733066158&width=1946","image/jpeg","692055","1","قابل للفهرسة","",""
"https://dnmeg.com/cdn/shop/files/green-front_eb52aec5-c932-41f5-af02-e7bcb2c8ed88.png?v=1733077198&width=1445","image/png","1007520","1","قابل للفهرسة","",""
"https://dnmeg.com/cdn/shop/files/3EA34C72-502D-4540-B5B5-91B8F2A5F005.jpg?v=1755184976&width=1445","image/jpeg","380537","1","قابل للفهرسة","",""
"https://dnmeg.com/cdn/shop/files/2F04329D-1A07-4C7B-9C0A-4FA7A981559F.jpg?v=1733066059&width=1445","image/jpeg","371052","1","قابل للفهرسة","",""
"https://dnmeg.com/cdn/shop/files/3BD25690-1074-40DE-BF20-88827C1CD732.jpg?v=1733065724&width=1445","image/jpeg","380537","1","قابل للفهرسة","",""
"https://dnmeg.com/cdn/shop/files/black-socks.png?v=1733161699&width=1445","image/png","1300993","1","قابل للفهرسة","",""
"https://dnmeg.com/cdn/shop/files/grey_back.png?v=1733086970&width=1445","image/png","602486","1","قابل للفهرسة","",""
"https://dnmeg.com/cdn/shop/files/FA0CA690-8D57-4318-96AB-32A192CA7278.jpg?v=1733065839&width=1946","image/jpeg","334873","1","قابل للفهرسة","",""
"https://dnmeg.com/cdn/shop/files/989F8F4D-5495-4984-8AF3-5E437D14F841.jpg?v=1733066642&width=1946","image/jpeg","700206","1","قابل للفهرسة","",""
"https://dnmeg.com/cdn/shop/files/C82A7B82-A264-4730-B33E-CC61D5DD15B0.jpg?v=1733066270&width=1946","image/jpeg","743216","1","قابل للفهرسة","",""
"https://dnmeg.com/cdn/shop/files/blackk.png?v=1733163491&width=1946","image/png","891681","1","قابل للفهرسة","",""
"https://dnmeg.com/cdn/shop/files/grey_front_905a9188-8020-4967-b7bb-cabdb06c1e4d.png?v=1733088967&width=1445","image/png","673428","1","قابل للفهرسة","",""
"https://dnmeg.com/cdn/shop/files/FullSizeRender_670fbc21-d342-4fc1-8394-33d5e277b52b.jpg?v=1755179790&width=1946","image/jpeg","197954","1","قابل للفهرسة","",""
"https://dnmeg.com/cdn/shop/files/61AF8389-7E8E-4FD8-A9BE-DE37750BD0A7.jpg?v=1733067618&width=1445","image/jpeg","226990","1","قابل للفهرسة","",""
"https://dnmeg.com/cdn/shop/files/076883D3-F151-4D8C-B1B3-FD28CF79990D.jpg?v=1755195232&width=1946","image/jpeg","207715","1","قابل للفهرسة","",""
"https://dnmeg.com/cdn/shop/files/FullSizeRender_eb717a22-f990-4623-8368-4aa3189537d1.jpg?v=1755179790&width=1946","image/jpeg","194431","1","قابل للفهرسة","",""
"https://dnmeg.com/cdn/shop/files/pack.png?v=1733161659&width=1445","image/png","1129932","1","قابل للفهرسة","",""
"https://dnmeg.com/cdn/shop/files/5A277AF9-8B59-411E-8C46-55DEA047FB5D.jpg?v=1755184976&width=1946","image/jpeg","209294","1","قابل للفهرسة","",""
"https://dnmeg.com/cdn/shop/files/IMG-0213.jpg?v=1733068220&width=1445","image/jpeg","496755","1","قابل للفهرسة","",""
"https://dnmeg.com/cdn/shop/files/A5DDB57B-FDF1-4123-A170-60DE61FD7277.jpg?v=1733065767&width=1946","image/jpeg","840990","1","قابل للفهرسة","",""
"https://dnmeg.com/cdn/shop/files/C79E7BB6-7770-4BCD-9C4C-994501F85188.jpg?v=1755202281&width=1445","image/jpeg","168124","1","قابل للفهرسة","",""
"https://dnmeg.com/cdn/shop/files/0F87F246-D032-4FAF-90A5-CC7D76A43FAF.jpg?v=1733066059&width=1946","image/jpeg","852622","1","قابل للفهرسة","",""
"https://dnmeg.com/cdn/shop/files/custom_resized_f821dbbd-749a-49e6-b67b-3bc376c91859.png?v=1755524904&width=1946","image/png","962545","1","قابل للفهرسة","",""
"https://dnmeg.com/cdn/shop/files/BLACK_FRONT_3.png?v=1755197870&width=1445","image/png","1145940","1","قابل للفهرسة","",""
